c;market;v;sector;group;industry
1&1 AG;XETR;1U1;Communication Services;Telecommunication Services;Telecom Services
11 88 0 Solutions AG;XETR;TGT;Communication Services;Telecommunication Services;Telecom Services
2G Energy AG;XETR;2GB;Industrials;Industrial Products;Specialty Industrial Machinery
2invest AG;XETR;2INV;Financial Services;Asset Management;Asset Management
3D Systems Corp;XETR;SYV;Technology;Hardware;Computer Hardware
3M Co;XETR;MMM;Industrials;Conglomerates;Conglomerates
3U Holding AG;XETR;UUU;Industrials;Construction;Building Products & Equipment
468 SPAC II SE;XETR;SPV2;Financial Services;Diversified Financial Services;Shell Companies
4basebio PLC;XETR;88Q;Healthcare;Biotechnology;Biotechnology
4SC AG;XETR;VSC;Healthcare;Biotechnology;Biotechnology
7C Solarparken AG;XETR;HRPK;Technology;Semiconductors;Solar
aap Implantate AG;XETR;AAQ1;Healthcare;Medical Devices & Instruments;Medical Devices
Aareal Bank AG;XETR;ARL;Financial Services;Banks;Banks - Regional
Abbott Laboratories;XETR;ABL;Healthcare;Medical Devices & Instruments;Medical Devices
AbbVie Inc;XETR;4AB;Healthcare;Drug Manufacturers;Drug Manufacturers - General
ABO Wind AG;XETR;AB9;Industrials;Construction;Engineering & Construction
ABOUT YOU Holding SE;XETR;YOU;Consumer Cyclical;Retail - Cyclical;Internet Retail
Accent Group Ltd;XETR;RJD;Consumer Cyclical;Retail - Cyclical;Apparel Retail
Accentro Real Estate AG;XETR;A4Y;Real Estate;Real Estate;Real Estate Services
Activision Blizzard Inc;XETR;AIY;Communication Services;Interactive Media;Electronic Gaming & Multimedia
ad pepper media International NV;XETR;APM;Communication Services;Media - Diversified;Advertising Agencies
Adesso SE;XETR;ADN1;Technology;Software;Information Technology Services
adidas AG;XETR;ADS;Consumer Cyclical;Manufacturing - Apparel & Accessories;Footwear & Accessories
Adler Group SA;XETR;ADJ;Real Estate;Real Estate;Real Estate Services
Adler Real Estate AG;XETR;ADL;Real Estate;Real Estate;Real Estate Services
Adobe Inc;XETR;ADB;Technology;Software;Software - Infrastructure
Adtran Inc;XETR;QH9;Technology;Hardware;Communication Equipment
ADVA Optical Networking SE;XETR;ADV;Technology;Hardware;Communication Equipment
Advanced Blockchain AG;XETR;BWQ;Technology;Software;Software - Application
Advanced Micro Devices Inc;XETR;AMD;Technology;Semiconductors;Semiconductors
Aifinyo AG;XETR;EBE;Financial Services;Credit Services;Credit Services
Air Products & Chemicals Inc;XETR;AP3;Basic Materials;Chemicals;Specialty Chemicals
Airbnb Inc;XETR;6Z1;Consumer Cyclical;Travel & Leisure;Travel Services
Aixtron SE;XETR;AIXA;Technology;Semiconductors;Semiconductor Equipment & Materials
Albemarle Corp;XETR;AMC;Basic Materials;Chemicals;Specialty Chemicals
Alcoa Corp;XETR;185;Basic Materials;Metals & Mining;Aluminum
Alibaba Group Holding Ltd;XETR;AHLA;Consumer Cyclical;Retail - Cyclical;Internet Retail
Align Technology Inc;XETR;AFW;Healthcare;Medical Devices & Instruments;Medical Devices
All for One Group SE;XETR;A1OS;Technology;Software;Information Technology Services
Allgeier SE;XETR;AEIN;Technology;Software;Information Technology Services
Allianz SE;XETR;ALV;Financial Services;Insurance;Insurance - Diversified
Ally Financial Inc;XETR;GMZ;Financial Services;Credit Services;Credit Services
Alphabet Inc;XETR;ABEA;Communication Services;Interactive Media;Internet Content & Information
alstria office REIT-AG;XETR;AOX;Real Estate;REITs;REIT - Office
Alteryx Inc;XETR;3AI;Technology;Software;Software - Application
Altria Group Inc;XETR;PHM7;Consumer Defensive;Tobacco Products;Tobacco
AlzChem Group AG;XETR;ACT;Basic Materials;Chemicals;Specialty Chemicals
Amadeus Fire AG;XETR;AAD;Industrials;Business Services;Staffing & Employment Services
Amazon.com Inc;XETR;AMZ;Consumer Cyclical;Retail - Cyclical;Internet Retail
American Airlines Group Inc;XETR;A1G;Industrials;Transportation;Airlines
American Express Co;XETR;AEC1;Financial Services;Credit Services;Credit Services
American Water Works Co Inc;XETR;AWC;Utilities;Utilities - Regulated;Utilities - Regulated Water
Amgen Inc;XETR;AMG;Healthcare;Drug Manufacturers;Drug Manufacturers - General
Anglo American PLC;XETR;NGLB;Basic Materials;Metals & Mining;Other Industrial Metals & Mining
APA Corp;XETR;2S3;Energy;Oil & Gas;Oil & Gas E&P
Apontis Pharma AG;XETR;APPH;Healthcare;Drug Manufacturers;Drug Manufacturers - Specialty & Generic
Apple Inc;XETR;APC;Technology;Hardware;Consumer Electronics
Applied Materials Inc;XETR;AP2;Technology;Semiconductors;Semiconductor Equipment & Materials
Archer-Daniels Midland Co;XETR;ADM;Consumer Defensive;Consumer Packaged Goods;Farm Products
Aroundtown SA;XETR;AT1;Real Estate;Real Estate;Real Estate Services
artec technologies AG;XETR;A6T;Technology;Hardware;Consumer Electronics
AS Creation Tapeten AG;XETR;ACWN;Consumer Cyclical;Furnishings, Fixtures & Appliances;Furnishings, Fixtures & Appliances
Asknet Solutions AG;XETR;ASKN;Technology;Software;Information Technology Services
AT&T Inc;XETR;SOBA;Communication Services;Telecommunication Services;Telecom Services
ATOSS Software AG;XETR;AOF;Technology;Software;Software - Application
Audi AG;XETR;NSU;Consumer Cyclical;Vehicles & Parts;Auto Manufacturers
audius SE;XETR;3IT;Technology;Software;Information Technology Services
Aumann AG;XETR;AAG;Industrials;Industrial Products;Specialty Industrial Machinery
Aurelius Equity Opportunities Se & Co KGaA;XETR;AR4;Financial Services;Asset Management;Asset Management
Aurubis AG;XETR;NDA;Industrials;Industrial Products;Metal Fabrication
AUTO1 Group;XETR;AG1;Consumer Cyclical;Vehicles & Parts;Auto & Truck Dealerships
Aves One AG;XETR;AVES;Industrials;Business Services;Rental & Leasing Services
B+S Banksysteme AG;XETR;DTD2;Technology;Software;Software - Application
Baader Bank AG.;XETR;BWB;Financial Services;Capital Markets;Capital Markets
BAE Systems PLC;XETR;BSP;Industrials;Aerospace & Defense;Aerospace & Defense
Baker Hughes Co;XETR;68V;Energy;Oil & Gas;Oil & Gas Equipment & Services
Ballard Power Systems Inc;XETR;PO0;Industrials;Industrial Products;Specialty Industrial Machinery
Bank of America Corp;XETR;NCB;Financial Services;Banks;Banks - Diversified
Bank of Ireland Group PLC;XETR;BIRG;Financial Services;Banks;Banks - Regional
Barclays PLC;XETR;BCY;Financial Services;Banks;Banks - Diversified
Barrick Gold Corp;XETR;ABR;Basic Materials;Metals & Mining;Gold
Basf SE;XETR;BAS;Basic Materials;Chemicals;Chemicals
Basler AG;XETR;BSL;Technology;Hardware;Consumer Electronics
Bastei Luebbe AG;XETR;BST;Communication Services;Media - Diversified;Publishing
Bauer AG;XETR;B5A;Industrials;Construction;Engineering & Construction
BAVARIA Industries Group AG;XETR;B8A;Financial Services;Asset Management;Asset Management
Bayer AG;XETR;BAYN;Healthcare;Drug Manufacturers;Drug Manufacturers - General
Bayerische Motoren Werke AG;XETR;BMW;Consumer Cyclical;Vehicles & Parts;Auto Manufacturers
BayWa AG;XETR;BYW6;Industrials;Conglomerates;Conglomerates
Bechtle AG;XETR;BC8;Technology;Software;Information Technology Services
Bed Bath & Beyond Inc;XETR;BBY;Consumer Cyclical;Retail - Cyclical;Specialty Retail
Befesa SA;XETR;BFSA;Industrials;Waste Management;Waste Management
Beiersdorf AG;XETR;BEI;Consumer Defensive;Consumer Packaged Goods;Household & Personal Products
Berentzen-Gruppe AG;XETR;BEZ;Consumer Defensive;Beverages - Alcoholic;Beverages - Wineries & Distilleries
Berkshire Hathaway Inc;XETR;BRYN;Financial Services;Insurance;Insurance - Diversified
Bertrandt AG;XETR;BDT;Consumer Cyclical;Vehicles & Parts;Auto Parts
bet-at-home.com AG;XETR;ACX;Consumer Cyclical;Travel & Leisure;Gambling
Beyond Meat Inc;XETR;0Q3;Consumer Defensive;Consumer Packaged Goods;Packaged Foods
Bijou Brigitte Modische Accessoires AG;XETR;BIJ;Consumer Cyclical;Retail - Cyclical;Luxury Goods
Bike24 Holding AG;XETR;BIKE;Consumer Cyclical;Retail - Cyclical;Internet Retail
Bilfinger SE;XETR;GBF;Industrials;Construction;Engineering & Construction
Bio-Gate AG;XETR;BIG1;Healthcare;Medical Devices & Instruments;Medical Instruments & Supplies
Biofrontera AG;XETR;B8F;Healthcare;Drug Manufacturers;Drug Manufacturers - Specialty & Generic
Biogen Inc;XETR;IDP;Healthcare;Drug Manufacturers;Drug Manufacturers - General
BioNTech SE;XETR;22UA;Healthcare;Biotechnology;Biotechnology
Biotest AG;XETR;BIO3;Healthcare;Biotechnology;Biotechnology
bioXXmed AG;XETR;T5O;Healthcare;Biotechnology;Biotechnology
Bitcoin Group SE;XETR;ADE;Financial Services;Asset Management;Asset Management
Black Pearl Digital AG;XETR;VRL;Technology;Software;Software - Application
BlackRock Inc;XETR;BLQA;Financial Services;Asset Management;Asset Management
Block Inc;XETR;SQ3;Technology;Software;Software - Infrastructure
Bloom Energy Corp;XETR;1ZB;Industrials;Industrial Products;Electrical Equipment & Parts
Blue Cap AG;XETR;B7E;Financial Services;Asset Management;Asset Management
Booking Holdings Inc;XETR;PCE1;Consumer Cyclical;Travel & Leisure;Travel Services
BorgWarner Inc;XETR;BGW;Consumer Cyclical;Vehicles & Parts;Auto Parts
Borussia Dortmund GmbH & Co KGaA;XETR;BVB;Communication Services;Media - Diversified;Entertainment
BP PLC;XETR;BPE5;Energy;Oil & Gas;Oil & Gas Integrated
BRAIN Biotech AG;XETR;BNN;Healthcare;Biotechnology;Biotechnology
Brenntag SE;XETR;BNR;Basic Materials;Chemicals;Specialty Chemicals
Brighthouse Financial Inc;XETR;BROC;Financial Services;Insurance;Insurance - Life
British American Tobacco PLC;XETR;BMT;Consumer Defensive;Tobacco Products;Tobacco
Broadcom Inc;XETR;1YD;Technology;Semiconductors;Semiconductors
Brockhaus Capital Mgmt AG;XETR;BKHT;Financial Services;Asset Management;Asset Management
C3.ai Inc;XETR;724;Technology;Software;Software - Application
CANCOM SE;XETR;COK;Technology;Software;Information Technology Services
CANNOVUM AG;XETR;27N;Healthcare;Drug Manufacturers;Drug Manufacturers - Specialty & Generic
Cantourage Group SE;XETR;HIGH;Healthcare;Drug Manufacturers;Drug Manufacturers - Specialty & Generic
Capital One Financial Corp;XETR;CFX;Financial Services;Credit Services;Credit Services
Capsensixx AG;XETR;CPX;Financial Services;Asset Management;Asset Management
Carl Zeiss Meditec AG;XETR;AFX;Healthcare;Medical Devices & Instruments;Medical Instruments & Supplies
Carnival PLC;XETR;POH1;Consumer Cyclical;Travel & Leisure;Leisure
Caterpillar Inc;XETR;CAT1;Industrials;Farm & Heavy Construction Machinery;Farm & Heavy Construction Machinery
Ceconomy AG;XETR;CEC;Consumer Cyclical;Retail - Cyclical;Specialty Retail
Cenit AG;XETR;CSH;Technology;Software;Software - Application
CeoTronics AG;XETR;CEK;Technology;Hardware;Communication Equipment
Cerence Inc;XETR;0S6;Technology;Software;Software - Application
CEWE Stiftung & Co KGaA;XETR;CWC;Consumer Cyclical;Personal Services;Personal Services
Charles Schwab Corp;XETR;SWG;Financial Services;Capital Markets;Capital Markets
Charter Communications Inc;XETR;CQD;Communication Services;Telecommunication Services;Telecom Services
Chegg Inc;XETR;0CG;Consumer Defensive;Education;Education & Training Services
Cherry SE;XETR;C3RY;Technology;Hardware;Computer Hardware
Chevron Corp;XETR;CHV;Energy;Oil & Gas;Oil & Gas Integrated
Ciena Corp;XETR;CIE1;Technology;Hardware;Communication Equipment
Cisco Systems Inc;XETR;CIS;Technology;Hardware;Communication Equipment
Citigroup Inc;XETR;TRVC;Financial Services;Banks;Banks - Diversified
Citrix Systems Inc;XETR;CTX;Technology;Software;Software - Application
Clean Logistics SE;XETR;SD1;Consumer Cyclical;Vehicles & Parts;Auto Parts
Clearvise AG;XETR;ABO;Utilities;Utilities - Independent Power Producers;Utilities - Renewable
Cleveland-Cliffs Inc;XETR;CVA;Basic Materials;Steel;Steel
Cliq Digital AG;XETR;CLIQ;Communication Services;Media - Diversified;Entertainment
CME Group Inc;XETR;MX4A;Financial Services;Capital Markets;Financial Data & Stock Exchanges
Coca-Cola Co;XETR;CCC3;Consumer Defensive;Beverages - Non-Alcoholic;Beverages - Non-Alcoholic
Coeur Mining Inc;XETR;CDM1;Basic Materials;Metals & Mining;Gold
Cogia AG;XETR;8HC;Communication Services;Interactive Media;Internet Content & Information
Coinbase Global Inc;XETR;1QZ;Financial Services;Capital Markets;Financial Data & Stock Exchanges
Colgate-Palmolive Co;XETR;CPA;Consumer Defensive;Consumer Packaged Goods;Household & Personal Products
comdirect bank AG;XETR;COM;Financial Services;Banks;Banks - Regional
Commercial Metals Co;XETR;CMS;Basic Materials;Steel;Steel
Commerzbank AG;XETR;CBK;Financial Services;Banks;Banks - Regional
Compass Group PLC;XETR;XGR2;Consumer Cyclical;Restaurants;Restaurants
Compleo Charging Solutions AG;XETR;C0M;Consumer Cyclical;Vehicles & Parts;Auto Parts
CompuGroup Medical SE & Co KgaA;XETR;COP;Healthcare;Healthcare Providers & Services;Health Information Services
ConocoPhillips;XETR;YCP;Energy;Oil & Gas;Oil & Gas E&P
Continental AG;XETR;CON;Consumer Cyclical;Vehicles & Parts;Auto Parts
Corestate Capital Holding SA;XETR;CCAP;Real Estate;Real Estate;Real Estate Services
Corteva Inc;XETR;2X0;Basic Materials;Agriculture;Agricultural Inputs
Coterra Energy Inc;XETR;XCQ;Energy;Oil & Gas;Oil & Gas E&P
Covestro AG;XETR;1COV;Basic Materials;Chemicals;Specialty Chemicals
CPI Property Group SA;XETR;O5G;Real Estate;Real Estate;Real Estate Services
CR Capital Real Estate AG;XETR;CRZK;Real Estate;Real Estate;Real Estate - Diversified
CropEnergies AG;XETR;CE2;Basic Materials;Chemicals;Specialty Chemicals
Cryptology Asset Group PLC;XETR;SRAG;Financial Services;Capital Markets;Capital Markets
CSX Corp;XETR;CXR;Industrials;Transportation;Railroads
CTS Eventim AG & Co. KGaA;XETR;EVD;Communication Services;Media - Diversified;Entertainment
Cummins Inc;XETR;CUM;Industrials;Industrial Products;Specialty Industrial Machinery
curasan AG;XETR;CURK;Healthcare;Biotechnology;Biotechnology
CureVac NV;XETR;5CV;Healthcare;Biotechnology;Biotechnology
CVS Health Corp;XETR;CVS;Healthcare;Healthcare Plans;Healthcare Plans
Cyan AG;XETR;CYR;Technology;Software;Software - Infrastructure
Daimler Truck Holding AG;XETR;DTG;Industrials;Farm & Heavy Construction Machinery;Farm & Heavy Construction Machinery
Daldrup & Sohne AG;XETR;4DS;Energy;Oil & Gas;Oil & Gas Drilling
Danaher Corp;XETR;DAP;Healthcare;Medical Diagnostics & Research;Diagnostics & Research
Data Modul AG;XETR;DAM;Technology;Hardware;Electronic Components
Datadog Inc;XETR;3QD;Technology;Software;Software - Application
Datagroup SE;XETR;D6H;Technology;Software;Information Technology Services
Datron AG;XETR;DAR;Industrials;Industrial Products;Specialty Industrial Machinery
DEAG Deutsche Entertainment AG;XETR;ERMK;Communication Services;Media - Diversified;Entertainment
Deere & Co;XETR;DCO;Industrials;Farm & Heavy Construction Machinery;Farm & Heavy Construction Machinery
Delignit AG;XETR;DLX;Basic Materials;Forest Products;Lumber & Wood Production
Delivery Hero SE;XETR;DHER;Consumer Cyclical;Retail - Cyclical;Internet Retail
Dell Technologies Inc;XETR;12DA;Technology;Hardware;Computer Hardware
Delticom AG;XETR;DEX;Consumer Cyclical;Vehicles & Parts;Auto Parts
Dermapharm Holding SE;XETR;DMP;Healthcare;Drug Manufacturers;Drug Manufacturers - Specialty & Generic
Deutsche Bank AG;XETR;DBK;Financial Services;Banks;Banks - Regional
Deutsche Beteiligungs AG;XETR;DBAN;Financial Services;Asset Management;Asset Management
Deutsche Biotech Innovativ AG;XETR;DBI;Healthcare;Biotechnology;Biotechnology
Deutsche Boerse AG;XETR;DB1;Financial Services;Capital Markets;Financial Data & Stock Exchanges
Deutsche EuroShop AG;XETR;DEQ;Real Estate;Real Estate;Real Estate Services
Deutsche Fachmarkt AG;XETR;DEF;Real Estate;Real Estate;Real Estate Services
Deutsche Grundstuecksauktionen AG;XETR;DGR;Real Estate;Real Estate;Real Estate Services
Deutsche Industrie REIT-AG;XETR;JB7;Real Estate;REITs;REIT - Industrial
Deutsche Konsum REIT-AG;XETR;DKG;Real Estate;REITs;REIT - Retail
Deutsche Lufthansa AG;XETR;LHA;Industrials;Transportation;Airlines
Deutsche Pfandbriefbank AG;XETR;PBB;Financial Services;Banks;Mortgage Finance
Deutsche Post AG;XETR;DPW;Industrials;Transportation;Integrated Freight & Logistics
Deutsche Rohstoff AG;XETR;DR0;Energy;Oil & Gas;Oil & Gas E&P
Deutsche Telekom AG;XETR;DTE;Communication Services;Telecommunication Services;Telecom Services
Deutsche Wohnen SE;XETR;DWNI;Real Estate;Real Estate;Real Estate - Development
Deutz AG;XETR;DEZ;Industrials;Industrial Products;Specialty Industrial Machinery
Devon Energy Corp;XETR;DY6;Energy;Oil & Gas;Oil & Gas E&P
DexCom Inc;XETR;DC4;Healthcare;Medical Devices & Instruments;Medical Devices
DFV Deutsche Familienversicherung AG;XETR;DFV;Financial Services;Insurance;Insurance - Diversified
Diageo PLC;XETR;GUI;Consumer Defensive;Beverages - Alcoholic;Beverages - Wineries & Distilleries
DIC Asset AG;XETR;DIC;Real Estate;Real Estate;Real Estate - Diversified
Dick's Sporting Goods Inc;XETR;DSG;Consumer Cyclical;Retail - Cyclical;Specialty Retail
Dierig Holding AG;XETR;DIE;Consumer Cyclical;Manufacturing - Apparel & Accessories;Textile Manufacturing
Discover Financial Services;XETR;DC7;Financial Services;Credit Services;Credit Services
DMG Mori Aktiengesellschaft;XETR;GIL;Industrials;Industrial Products;Tools & Accessories
DocCheck AG;XETR;AJ91;Healthcare;Healthcare Providers & Services;Health Information Services
Dollar General Corp;XETR;7DG;Consumer Defensive;Retail - Defensive;Discount Stores
Dollar Tree Inc;XETR;DT3;Consumer Defensive;Retail - Defensive;Discount Stores
Dominion Energy Inc;XETR;DOD;Utilities;Utilities - Regulated;Utilities - Regulated Electric
Dow Inc;XETR;2OY;Basic Materials;Chemicals;Chemicals
Dr Hoenle AG;XETR;HNL;Industrials;Industrial Products;Electrical Equipment & Parts
Draegerwerk AG & Co KGaA;XETR;DRW3;Healthcare;Medical Devices & Instruments;Medical Devices
DT.Eigenheim Union INH ON;XETR;JZ6;Consumer Cyclical;Homebuilding & Construction;Residential Construction
Duerr AG;XETR;DUE;Industrials;Industrial Products;Specialty Industrial Machinery
DuPont de Nemours Inc;XETR;6D8;Basic Materials;Chemicals;Specialty Chemicals
DVS Technology AG;XETR;DIS;Industrials;Industrial Products;Specialty Industrial Machinery
DWS Group GmbH & Co KGaA;XETR;DWS;Financial Services;Asset Management;Asset Management
E.ON SE;XETR;EOAN;Utilities;Utilities - Regulated;Utilities - Diversified
easyJet PLC;XETR;EJT1;Industrials;Transportation;Airlines
Eaton Vance Corp;XETR;EVCN;Financial Services;Asset Management;Asset Management
eBay Inc;XETR;EBA;Consumer Cyclical;Retail - Cyclical;Internet Retail
Eckert & Ziegler Strahlen- und Medizintechnik AG;XETR;EUZ;Healthcare;Medical Devices & Instruments;Medical Devices
ecotel communication ag;XETR;E4C;Communication Services;Telecommunication Services;Telecom Services
EDAG Engineering Group AG;XETR;ED4;Consumer Cyclical;Vehicles & Parts;Auto Parts
Edel SE & Co KGaA;XETR;EDL;Communication Services;Media - Diversified;Entertainment
Edwards Lifesciences Corp;XETR;EWL;Healthcare;Medical Devices & Instruments;Medical Devices
Einhell Germany AG;XETR;EIN3;Industrials;Industrial Products;Tools & Accessories
Ekotechnika AG;XETR;ETE;Industrials;Farm & Heavy Construction Machinery;Farm & Heavy Construction Machinery
elexxion AG;XETR;E8X;Healthcare;Medical Devices & Instruments;Medical Devices
Eli Lilly and Co;XETR;LLY;Healthcare;Drug Manufacturers;Drug Manufacturers - General
Elmos Semiconductor SE;XETR;ELG;Technology;Semiconductors;Semiconductors
ElringKlinger AG;XETR;ZIL2;Consumer Cyclical;Vehicles & Parts;Auto Parts
elumeo SE;XETR;ELB;Consumer Cyclical;Retail - Cyclical;Luxury Goods
Emerson Electric Co;XETR;EMR;Industrials;Industrial Products;Specialty Industrial Machinery
Enapter AG;XETR;H2O;Industrials;Industrial Products;Specialty Industrial Machinery
EnBW Energie Baden-Wuerttemberg AG;XETR;EBK;Utilities;Utilities - Regulated;Utilities - Diversified
Encavis AG;XETR;ECV;Utilities;Utilities - Independent Power Producers;Utilities - Renewable
Energiekontor AG;XETR;EKT;Utilities;Utilities - Independent Power Producers;Utilities - Renewable
Enphase Energy Inc;XETR;E0P;Technology;Semiconductors;Solar
EnviTec Biogas AG;XETR;ETG;Utilities;Utilities - Independent Power Producers;Utilities - Renewable
Epigenomics AG;XETR;ECX1;Healthcare;Medical Diagnostics & Research;Diagnostics & Research
EQS Group AG;XETR;EQS;Technology;Software;Software - Infrastructure
Equitable Holdings Inc;XETR;AXJ;Financial Services;Insurance;Insurance - Diversified
Ergomed PLC;XETR;2EM;Healthcare;Biotechnology;Biotechnology
Erlebnis Akademie AG;XETR;EAD;Consumer Cyclical;Travel & Leisure;Leisure
Ernst Russ AG;XETR;HXCK;Industrials;Transportation;Marine Shipping
Etsy Inc;XETR;3E2;Consumer Cyclical;Retail - Cyclical;Internet Retail
EV Digital Invest INH AKT;XETR;ENGL;Financial Services;Credit Services;Credit Services
Evonik Industries AG;XETR;EVK;Basic Materials;Chemicals;Specialty Chemicals
Evotec SE;XETR;EVT;Healthcare;Drug Manufacturers;Drug Manufacturers - Specialty & Generic
Exasol AG;XETR;EXL;Technology;Software;Software - Infrastructure
Exceet Group SA;XETR;EXC;Financial Services;Diversified Financial Services;Shell Companies
Exxon Mobil Corp;XETR;XONA;Energy;Oil & Gas;Oil & Gas Integrated
Fabasoft AG;XETR;FAA;Technology;Software;Software - Application
Fashionette AG;XETR;FSNT;Consumer Cyclical;Retail - Cyclical;Luxury Goods
FCR Immobilien AG;XETR;FC9;Real Estate;Real Estate;Real Estate Services
FedEx Corp;XETR;FDX;Industrials;Transportation;Integrated Freight & Logistics
Fielmann AG;XETR;FIE;Healthcare;Medical Devices & Instruments;Medical Instruments & Supplies
FinLab AG;XETR;A7A;Financial Services;Asset Management;Asset Management
First Majestic Silver Corp;XETR;FMV;Basic Materials;Metals & Mining;Silver
First Sensor AG;XETR;SIS;Technology;Semiconductors;Semiconductor Equipment & Materials
First Solar Inc;XETR;F3A;Technology;Semiconductors;Solar
Fitbit Inc;XETR;5FB;Technology;Hardware;Scientific & Technical Instruments
Flatex AG;XETR;FTK;Financial Services;Capital Markets;Capital Markets
Ford Motor Co;XETR;FMC1;Consumer Cyclical;Vehicles & Parts;Auto Manufacturers
Foris AG;XETR;FRS;Financial Services;Credit Services;Credit Services
Formycon AG;XETR;FYB;Healthcare;Biotechnology;Biotechnology
FORTEC Elektronik AG;XETR;FEV;Technology;Hardware;Electronics & Computer Distribution
Francotyp-Postalia Holding AG;XETR;FPH;Industrials;Business Services;Specialty Business Services
Fraport AG;XETR;FRA;Industrials;Transportation;Airports & Air Services
freenet AG;XETR;FNTN;Communication Services;Telecommunication Services;Telecom Services
Freeport-McMoRan Inc;XETR;FPMB;Basic Materials;Metals & Mining;Copper
Frequentis;XETR;FQT;Technology;Technology;Technology
Fresenius Medical Care AG & Co. KGaA;XETR;FME;Healthcare;Healthcare Providers & Services;Medical Care Facilities
Fresenius SE & Co KGaA;XETR;FRE;Healthcare;Healthcare Providers & Services;Medical Care Facilities
Friedrich Vorwerk Group SE;XETR;VH2;Energy;Oil & Gas;Oil & Gas Midstream
Friwo AG;XETR;CEA;Industrials;Industrial Products;Electrical Equipment & Parts
Fuchs Petrolub SE;XETR;FPE3;Basic Materials;Chemicals;Specialty Chemicals
GameStop Corp;XETR;GS2C;Consumer Cyclical;Retail - Cyclical;Specialty Retail
Gap Inc;XETR;GAP;Consumer Cyclical;Retail - Cyclical;Apparel Retail
Gateway Real Estate AG;XETR;GTY;Real Estate;Real Estate;Real Estate - Development
GBS Software AG;XETR;INW;Technology;Software;Software - Infrastructure
GEA Group AG;XETR;G1A;Industrials;Industrial Products;Specialty Industrial Machinery
General Electric Co;XETR;GCP;Industrials;Industrial Products;Specialty Industrial Machinery
General Mills Inc;XETR;GRM;Consumer Defensive;Consumer Packaged Goods;Packaged Foods
General Motors Co;XETR;8GM;Consumer Cyclical;Vehicles & Parts;Auto Manufacturers
Geratherm Medical AG;XETR;GME;Healthcare;Medical Devices & Instruments;Medical Devices
Gerresheimer AG;XETR;GXI;Healthcare;Medical Devices & Instruments;Medical Instruments & Supplies
Gerry Weber International AG;XETR;GWI2;Consumer Cyclical;Manufacturing - Apparel & Accessories;Apparel Manufacturing
Gesco SE;XETR;GSC1;Industrials;Industrial Products;Specialty Industrial Machinery
GFT Technologies SE;XETR;GFT;Technology;Software;Information Technology Services
GIEAG Gewerbe Immobilien Entwicklungs AG;XETR;2GI;Real Estate;REITs;REIT - Diversified
Gigaset AG;XETR;GGS;Technology;Hardware;Communication Equipment
Gilead Sciences Inc;XETR;GIS;Healthcare;Drug Manufacturers;Drug Manufacturers - General
GK Software SE;XETR;GKS;Technology;Software;Software - Application
Global Fashion Group SA;XETR;GFG;Consumer Cyclical;Retail - Cyclical;Apparel Retail
GoPro Inc;XETR;5G5;Technology;Hardware;Consumer Electronics
GORE German Office Real Estate AG;XETR;GAG;Real Estate;Real Estate;Real Estate - Development
Grammer AG;XETR;GMM;Consumer Cyclical;Vehicles & Parts;Auto Parts
Gran Tierra Energy Inc;XETR;G1P;Energy;Oil & Gas;Oil & Gas E&P
Grand City Properties SA;XETR;GYC;Real Estate;Real Estate;Real Estate Services
Grenke AG;XETR;GLJ;Financial Services;Credit Services;Credit Services
Grounds Real Estate Development AG;XETR;AMMN;Real Estate;Real Estate;Real Estate Services
GSK PLC;XETR;GS71;Healthcare;Drug Manufacturers;Drug Manufacturers - General
H&R GmbH & Co KGaA;XETR;2HRA;Basic Materials;Chemicals;Chemicals
HAEMATO AG;XETR;HAEK;Healthcare;Drug Manufacturers;Drug Manufacturers - Specialty & Generic
Haier Smart Home Co Ltd;XETR;690D;Consumer Cyclical;Furnishings, Fixtures & Appliances;Furnishings, Fixtures & Appliances
Haleon PLC;XETR;H6D0;Healthcare;Drug Manufacturers;Drug Manufacturers - Specialty & Generic
Halliburton Co;XETR;HAL;Energy;Oil & Gas;Oil & Gas Equipment & Services
Hamborner REIT AG;XETR;HABA;Real Estate;REITs;REIT - Diversified
Hamburger Hafen und Logistik AG;XETR;HHFA;Industrials;Transportation;Marine Shipping
Hannover Rueck SE;XETR;HNR1;Financial Services;Insurance;Insurance - Reinsurance
Hans-Werner Aufrecht AG;XETR;H9W;Consumer Cyclical;Vehicles & Parts;Auto Parts
HanseYachts AG;XETR;H9Y;Consumer Cyclical;Vehicles & Parts;Recreational Vehicles
Hapag-Lloyd AG;XETR;HLAG;Industrials;Transportation;Marine Shipping
Harley-Davidson Inc;XETR;HAR;Consumer Cyclical;Vehicles & Parts;Recreational Vehicles
Hawesko Holding SE;XETR;HAW;Consumer Defensive;Beverages - Alcoholic;Beverages - Wineries & Distilleries
Hecla Mining Co;XETR;HCL;Basic Materials;Metals & Mining;Gold
Heidelberg Pharma AG;XETR;HPHA;Healthcare;Biotechnology;Biotechnology
HeidelbergCement AG;XETR;HEI;Basic Materials;Building Materials;Building Materials
Heidelberger Druckmaschinen AG;XETR;HDD;Industrials;Industrial Products;Specialty Industrial Machinery
Heliad Equity Partners GmbH & Co KGaA;XETR;HPBK;Financial Services;Asset Management;Asset Management
HELLA GmbH & Co KGaA;XETR;HLE;Consumer Cyclical;Vehicles & Parts;Auto Parts
HelloFresh SE;XETR;HFG;Consumer Cyclical;Restaurants;Restaurants
Helma Eigenheimbau AG;XETR;H5E;Consumer Cyclical;Homebuilding & Construction;Residential Construction
Henkel AG & Co KGaA;XETR;HEN3;Consumer Defensive;Consumer Packaged Goods;Household & Personal Products
Henry Schein Inc;XETR;HS2;Healthcare;Medical Distribution;Medical Distribution
Hensoldt AG;XETR;HAG;Industrials;Aerospace & Defense;Aerospace & Defense
HGears AG;XETR;HGEA;Consumer Cyclical;Vehicles & Parts;Auto Parts
Highlight Communications AG;XETR;HLG;Communication Services;Media - Diversified;Entertainment
Hilton Worldwide Holdings Inc;XETR;HI91;Consumer Cyclical;Travel & Leisure;Lodging
HMS Bergbau AG;XETR;HMU;Energy;Other Energy Sources;Thermal Coal
Hochtief AG;XETR;HOT;Industrials;Construction;Engineering & Construction
Home24 SE;XETR;H24;Consumer Cyclical;Retail - Cyclical;Internet Retail
Homes & Holiday AG;XETR;HHHA;Real Estate;Real Estate;Real Estate Services
HomeToGo SE;XETR;HTG;Communication Services;Interactive Media;Internet Content & Information
HORNBACH Holding AG and Co KGaA;XETR;HBH;Consumer Cyclical;Retail - Cyclical;Home Improvement Retail
HP Inc;XETR;7HP;Technology;Hardware;Computer Hardware
HSBC Holdings PLC;XETR;HBC1;Financial Services;Banks;Banks - Diversified
HubSpot Inc;XETR;096;Technology;Software;Software - Application
Hugo Boss AG;XETR;BOSS;Consumer Cyclical;Manufacturing - Apparel & Accessories;Apparel Manufacturing
Huntington Bancshares Inc;XETR;HU3;Financial Services;Banks;Banks - Regional
Hypoport AG;XETR;HYQ;Financial Services;Credit Services;Credit Services
IBU-tec advanced materials AG;XETR;IBU;Basic Materials;Chemicals;Chemicals
IDEXX Laboratories Inc;XETR;IX1;Healthcare;Medical Diagnostics & Research;Diagnostics & Research
ifa systems AG;XETR;IS8;Healthcare;Healthcare Providers & Services;Health Information Services
IGP Advantag AG;XETR;A62;Industrials;Construction;Engineering & Construction
Illumina Inc;XETR;ILU;Healthcare;Medical Diagnostics & Research;Diagnostics & Research
Imperial Brands PLC;XETR;ITB;Consumer Defensive;Tobacco Products;Tobacco
InCity Immobilien AG;XETR;IC8;Real Estate;Real Estate;Real Estate Services
Indus Holding AG;XETR;INH;Industrials;Conglomerates;Conglomerates
Infineon Technologies AG;XETR;IFX;Technology;Semiconductors;Semiconductors
init innovation in traffic systems SE;XETR;IXX;Technology;Software;Information Technology Services
Instone Real Estate Group SE;XETR;INS;Real Estate;Real Estate;Real Estate - Development
InterCard AG Informationssysteme;XETR;II8;Industrials;Industrial Products;Business Equipment & Supplies
International Paper Co;XETR;INP;Consumer Cyclical;Packaging & Containers;Packaging & Containers
Intershop Communications AG;XETR;ISHA;Technology;Software;Software - Application
InTiCa Systems AG;XETR;IS7;Consumer Cyclical;Vehicles & Parts;Auto Parts
Intuit Inc;XETR;ITU;Technology;Software;Software - Application
Intuitive Surgical Inc;XETR;IUI1;Healthcare;Medical Devices & Instruments;Medical Instruments & Supplies
InVision Software AG;XETR;IVX;Technology;Software;Software - Application
IONOS Group SE;XETR;IOS;Technology;Software;Software - Infrastructure
iQ International AG;XETR;IQL;Consumer Cyclical;Vehicles & Parts;Auto Parts
ITM Power PLC;XETR;IJ8;Industrials;Industrial Products;Specialty Industrial Machinery
ItN Nanovation AG;XETR;I7N;Industrials;Industrial Products;Specialty Industrial Machinery
IVU Traffic Technologies AG;XETR;IVU;Technology;Software;Software - Application
JDC Group AG;XETR;JDC;Financial Services;Diversified Financial Services;Financial Conglomerates
Jenoptik AG;XETR;JEN;Technology;Hardware;Electronic Components
Johnson & Johnson;XETR;JNJ;Healthcare;Drug Manufacturers;Drug Manufacturers - General
JOST Werke AG;XETR;JST;Consumer Cyclical;Vehicles & Parts;Auto Parts
Jungheinrich AG;XETR;JUN3;Industrials;Industrial Products;Specialty Industrial Machinery
K+S AG;XETR;SDF;Basic Materials;Agriculture;Agricultural Inputs
KATEK SE;XETR;KTEK;Industrials;Industrial Products;Electrical Equipment & Parts
Kellogg Co;XETR;KEL;Consumer Defensive;Consumer Packaged Goods;Packaged Foods
KHD Humboldt Wedag International AG;XETR;KWG;Industrials;Industrial Distribution;Industrial Distribution
Kimberly-Clark Corp;XETR;KMY;Consumer Defensive;Consumer Packaged Goods;Household & Personal Products
Kingfisher PLC;XETR;KFI1;Consumer Cyclical;Retail - Cyclical;Home Improvement Retail
Kinross Gold Corp;XETR;KIN2;Basic Materials;Metals & Mining;Gold
KION GROUP AG;XETR;KGX;Industrials;Farm & Heavy Construction Machinery;Farm & Heavy Construction Machinery
KLA Corp;XETR;KLA;Technology;Semiconductors;Semiconductor Equipment & Materials
Klassik Radio AG;XETR;KA8;Communication Services;Media - Diversified;Broadcasting
Kloeckner & Co SE;XETR;KCO;Basic Materials;Steel;Steel
Knaus Tabbert AG;XETR;KTA;Consumer Cyclical;Vehicles & Parts;Recreational Vehicles
Knorr-Bremse AG;XETR;KBX;Consumer Cyclical;Vehicles & Parts;Auto Parts
Koenig & Bauer AG;XETR;SKB;Industrials;Industrial Products;Specialty Industrial Machinery
Kontron AG;XETR;KTN;Technology;Hardware;Computer Hardware
Kps AG;XETR;KSC;Technology;Software;Information Technology Services
KROMI Logistik AG;XETR;K1R;Industrials;Industrial Distribution;Industrial Distribution
Krones AG;XETR;KRN;Industrials;Industrial Products;Specialty Industrial Machinery
KSB SE & Co KGaA;XETR;KSB3;Industrials;Industrial Products;Specialty Industrial Machinery
KUKA AG;XETR;KU2;Industrials;Industrial Products;Specialty Industrial Machinery
KWS SAAT SE & Co KGaA;XETR;KWS;Consumer Defensive;Consumer Packaged Goods;Farm Products
L3Harris Technologies Inc;XETR;HRS;Industrials;Aerospace & Defense;Aerospace & Defense
LAIQON AG;XETR;LQAG;Financial Services;Asset Management;Asset Management
Lakestar SPAC I SE;XETR;LRS1;Financial Services;Diversified Financial Services;Shell Companies
Lam Research Corp;XETR;LAR;Technology;Semiconductors;Semiconductor Equipment & Materials
Lang & Schwarz AG;XETR;LUS1;Financial Services;Capital Markets;Capital Markets
Lanxess AG;XETR;LXS;Basic Materials;Chemicals;Specialty Chemicals
learnd SE;XETR;LRND;Financial Services;Diversified Financial Services;Shell Companies
LEG Immobilien SE;XETR;LEG;Real Estate;Real Estate;Real Estate Services
Leifheit AG;XETR;LEI;Consumer Defensive;Consumer Packaged Goods;Household & Personal Products
Leoni AG;XETR;LEO;Industrials;Industrial Products;Electrical Equipment & Parts
Limes Schlosskliniken AG;XETR;LIK;Healthcare;Healthcare Providers & Services;Medical Care Facilities
Linde PLC;XETR;LIN;Basic Materials;Chemicals;Specialty Chemicals
Linus Digital Finance AG;XETR;LDF;Financial Services;Asset Management;Asset Management
Lion E-Mobility AG;XETR;LMIA;Industrials;Industrial Products;Electrical Equipment & Parts
Lloyds Banking Group PLC;XETR;LLD;Financial Services;Banks;Banks - Regional
Lockheed Martin Corp;XETR;LOM;Industrials;Aerospace & Defense;Aerospace & Defense
LogMeIn Inc;XETR;9LG;Technology;Software;Software - Application
Logwin AG;XETR;TGHN;Industrials;Transportation;Integrated Freight & Logistics
LPKF Laser & Electronics SE;XETR;LPK;Industrials;Industrial Products;Specialty Industrial Machinery
LS telcom AG;XETR;LSX;Communication Services;Telecommunication Services;Telecom Services
Ludwig Beck am Rathauseck - Textilhaus Feldmeier AG;XETR;ECK;Consumer Cyclical;Retail - Cyclical;Department Stores
Lululemon Athletica Inc;XETR;33L;Consumer Cyclical;Retail - Cyclical;Apparel Retail
Lumen Technologies Inc;XETR;CYTH;Communication Services;Telecommunication Services;Telecom Services
Lyft Inc;XETR;LY0;Technology;Software;Software - Application
M1 Kliniken AG;XETR;M12;Healthcare;Healthcare Providers & Services;Medical Care Facilities
Macy's Inc;XETR;FDO;Consumer Cyclical;Retail - Cyclical;Department Stores
MAN SE;XETR;MAN;Industrials;Farm & Heavy Construction Machinery;Farm & Heavy Construction Machinery
Manz AG;XETR;M5Z;Technology;Semiconductors;Semiconductor Equipment & Materials
Marathon Oil Corp;XETR;USS;Energy;Oil & Gas;Oil & Gas E&P
Marathon Petroleum Corp;XETR;MPN;Energy;Oil & Gas;Oil & Gas Refining & Marketing
Marna Beteiligungen AG;XETR;M5S;Financial Services;Asset Management;Asset Management
Marriott Vacations Worldwide Corp;XETR;M8V;Consumer Cyclical;Travel & Leisure;Resorts & Casinos
Masco Corp;XETR;MSQ;Industrials;Construction;Building Products & Equipment
Mastercard Inc;XETR;M4I;Financial Services;Credit Services;Credit Services
Masterflex SE;XETR;MZX;Basic Materials;Chemicals;Specialty Chemicals
Match Group Inc;XETR;4MGN;Communication Services;Interactive Media;Internet Content & Information
MAX Automation SE;XETR;MXHN;Industrials;Industrial Products;Specialty Industrial Machinery
MAX21 AG;XETR;MA10;Financial Services;Asset Management;Asset Management
MBB SE;XETR;MBB;Industrials;Conglomerates;Conglomerates
MBH Corp PLC;XETR;M8H;Real Estate;Real Estate;Real Estate Services
McDonald's Corp;XETR;MDO;Consumer Cyclical;Restaurants;Restaurants
Medigene AG;XETR;MDG1;Healthcare;Biotechnology;Biotechnology
Medion AG;XETR;MDN;Technology;Hardware;Consumer Electronics
Medios AG;XETR;ILM1;Healthcare;Medical Distribution;Medical Distribution
Mediqon Group AG;XETR;MCE;Technology;Software;Information Technology Services
Medtronic PLC;XETR;2M6;Healthcare;Medical Devices & Instruments;Medical Devices
Mendarion SE;XETR;Z29;Technology;Software;Information Technology Services
Mensch und Maschine Software SE;XETR;MUM;Technology;Software;Software - Application
MercadoLibre Inc;XETR;MLB1;Consumer Cyclical;Retail - Cyclical;Internet Retail
Mercedes-Benz Group AG;XETR;MBG;Consumer Cyclical;Vehicles & Parts;Auto Manufacturers
Merck & Co Inc;XETR;6MK;Healthcare;Drug Manufacturers;Drug Manufacturers - General
Merck KGaA;XETR;MRK;Healthcare;Drug Manufacturers;Drug Manufacturers - Specialty & Generic
Merkur Privatbank KGaA;XETR;MBK;Financial Services;Banks;Banks - Regional
Meta Platforms Inc;XETR;FB2A;Communication Services;Interactive Media;Internet Content & Information
Meta Wolf AG;XETR;MPSC;Industrials;Construction;Building Products & Equipment
METRO AG;XETR;B4B;Consumer Defensive;Retail - Defensive;Food Distribution
MeVis Medical Solutions AG;XETR;M3V;Healthcare;Healthcare Providers & Services;Health Information Services
MGI - Media and Games Invest SE;XETR;M8G;Technology;Software;Software - Application
MGM Resorts International;XETR;MGG;Consumer Cyclical;Travel & Leisure;Resorts & Casinos
MHP Hotel AG;XETR;CDZ0;Consumer Cyclical;Travel & Leisure;Lodging
mic AG;XETR;M3BK;Financial Services;Asset Management;Asset Management
Micron Technology Inc;XETR;MTE;Technology;Semiconductors;Semiconductors
Microvision Inc;XETR;MVIN;Technology;Hardware;Scientific & Technical Instruments
Miller Industries Inc;XETR;5OJ;Consumer Cyclical;Vehicles & Parts;Auto Parts
Mister Spex SE;XETR;MRX;Consumer Cyclical;Retail - Cyclical;Specialty Retail
MLP SE;XETR;MLP;Financial Services;Asset Management;Asset Management
Mobotix AG;XETR;MBQ;Industrials;Business Services;Security & Protection Services
Moderna Inc;XETR;0QF;Healthcare;Biotechnology;Biotechnology
Mologen AG;XETR;MGNK;Healthcare;Biotechnology;Biotechnology
Mondelez International Inc;XETR;KTF;Consumer Defensive;Consumer Packaged Goods;Confectioners
Morgan Stanley;XETR;DWD;Financial Services;Capital Markets;Capital Markets
MorphoSys AG;XETR;MOR;Healthcare;Biotechnology;Biotechnology
MPC Muenchmeyer Petersen Capital AG;XETR;MPCK;Financial Services;Asset Management;Asset Management
MPH Health Care AG;XETR;93M1;Healthcare;Drug Manufacturers;Drug Manufacturers - Specialty & Generic
MS Industrie AG;XETR;MSAG;Consumer Cyclical;Vehicles & Parts;Auto Parts
MSCI Inc;XETR;3HM;Financial Services;Capital Markets;Financial Data & Stock Exchanges
MTU Aero Engines AG;XETR;MTX;Industrials;Aerospace & Defense;Aerospace & Defense
Muehlbauer Holding AG;XETR;MUB;Technology;Hardware;Computer Hardware
Muehlhan AG;XETR;M4N;Industrials;Construction;Engineering & Construction
Muller- Die Lila Logistik SE;XETR;MLL;Industrials;Transportation;Integrated Freight & Logistics
Multitude SE;XETR;FRU;Financial Services;Credit Services;Credit Services
Munchener Ruckversicherungs-Gesellschaft AG;XETR;MUV2;Financial Services;Insurance;Insurance - Reinsurance
Mutares SE & Co KGaA;XETR;MUX;Financial Services;Asset Management;Asset Management
mVISE AG;XETR;C1V;Communication Services;Telecommunication Services;Telecom Services
MVV Energie AG;XETR;MVV1;Utilities;Utilities - Regulated;Utilities - Diversified
MWB Wertpapierhandelsbank AG;XETR;MWB;Financial Services;Capital Markets;Capital Markets
MyBucks SA;XETR;MBC;Financial Services;Banks;Banks - Regional
Mynaric AG;XETR;M0YN;Technology;Hardware;Communication Equipment
Nabaltec AG;XETR;NTG;Basic Materials;Chemicals;Specialty Chemicals
Nagarro SE;XETR;NA9;Technology;Software;Information Technology Services
Nanogate SE;XETR;N7G;Basic Materials;Chemicals;Chemicals
NanoRepro AG;XETR;NN6;Healthcare;Medical Diagnostics & Research;Diagnostics & Research
Nasdaq Inc;XETR;NAQ;Financial Services;Capital Markets;Financial Data & Stock Exchanges
National Grid PLC;XETR;NNGF;Utilities;Utilities - Regulated;Utilities - Regulated Electric
NatWest Group PLC;XETR;RYSD;Financial Services;Banks;Banks - Diversified
Nemetschek SE;XETR;NEM;Technology;Software;Software - Application
Neon Equity AG;XETR;D77;Financial Services;Asset Management;Asset Management
Net Mobile AG;XETR;N1M;Communication Services;Telecommunication Services;Telecom Services
Netflix Inc;XETR;NFC;Communication Services;Media - Diversified;Entertainment
New Work SE;XETR;NWO;Communication Services;Interactive Media;Internet Content & Information
Newmont Corp;XETR;NMM;Basic Materials;Metals & Mining;Gold
NeXR Technologies SE;XETR;NXR;Technology;Hardware;Computer Hardware
Nexus AG;XETR;NXU;Healthcare;Healthcare Providers & Services;Health Information Services
NFON AG;XETR;NFN;Technology;Software;Software - Infrastructure
niiio finance group AG;XETR;NIIN;Technology;Software;Software - Application
Nike Inc;XETR;NKE;Consumer Cyclical;Manufacturing - Apparel & Accessories;Footwear & Accessories
Nikola Corp;XETR;8NI;Industrials;Farm & Heavy Construction Machinery;Farm & Heavy Construction Machinery
Noratis AG;XETR;NUVA;Real Estate;Real Estate;Real Estate - Development
NorCom Information Technology GmbH & Co KGaA;XETR;NC5A;Industrials;Business Services;Specialty Business Services
Nordex SE;XETR;NDX1;Industrials;Industrial Products;Specialty Industrial Machinery
Norfolk Southern Corp;XETR;NFS;Industrials;Transportation;Railroads
NORMA Group SE;XETR;NOEJ;Industrials;Industrial Products;Metal Fabrication
Northern Data AG;XETR;NB2;Technology;Software;Information Technology Services
Novem Group SA;XETR;NVM;Consumer Cyclical;Vehicles & Parts;Auto Parts
Nuernberger Beteiligungs AG;XETR;NBG6;Financial Services;Insurance;Insurance - Diversified
NVIDIA Corp;XETR;NVD;Technology;Semiconductors;Semiconductors
Nynomic AG;XETR;M7U;Technology;Hardware;Scientific & Technical Instruments
OboTech Acquisition SE;XETR;OTA;Financial Services;Diversified Financial Services;Shell Companies
Occidental Petroleum Corp;XETR;OPC;Energy;Oil & Gas;Oil & Gas E&P
OEKOWORLD AG;XETR;VVV3;Financial Services;Insurance;Insurance Brokers
OHB SE;XETR;OHB;Industrials;Aerospace & Defense;Aerospace & Defense
Olin Corp;XETR;OLN;Basic Materials;Chemicals;Specialty Chemicals
ON Semiconductor Corp;XETR;XS4;Technology;Semiconductors;Semiconductors
onoff AG;XETR;2QU;Technology;Software;Information Technology Services
OPENLiMiT Holding AG;XETR;O5H;Technology;Software;Software - Application
Oracle Corp;XETR;ORC;Technology;Software;Software - Infrastructure
Orbis AG;XETR;OBS;Technology;Software;Information Technology Services
Ormat Technologies Inc;XETR;HNM;Utilities;Utilities - Independent Power Producers;Utilities - Renewable
OTRS AG;XETR;TR9;Technology;Software;Software - Application
PACCAR Inc;XETR;PAE;Industrials;Farm & Heavy Construction Machinery;Farm & Heavy Construction Machinery
Paion Ag;XETR;PA8;Healthcare;Drug Manufacturers;Drug Manufacturers - Specialty & Generic
Palantir Technologies Inc;XETR;PTX;Technology;Software;Software - Infrastructure
Palo Alto Networks Inc;XETR;5AP;Technology;Software;Software - Infrastructure
PANTAFLIX AG;XETR;PAL;Communication Services;Media - Diversified;Entertainment
Paragon GmbH & Co KGaA;XETR;PGN;Consumer Cyclical;Vehicles & Parts;Auto Parts
Patrizia AG;XETR;PAT;Real Estate;Real Estate;Real Estate Services
Paychex Inc;XETR;PCX;Industrials;Business Services;Staffing & Employment Services
Paycom Software Inc;XETR;0PY;Technology;Software;Software - Application
PayPal Holdings Inc;XETR;2PP;Financial Services;Credit Services;Credit Services
Peloton Interactive Inc;XETR;2ON;Consumer Cyclical;Travel & Leisure;Leisure
Petro Welt Technologies AG;XETR;O2C;Energy;Oil & Gas;Oil & Gas Equipment & Services
Pfeiffer Vacuum Technology AG;XETR;PFV;Industrials;Industrial Products;Specialty Industrial Machinery
Pferdewetten de AG;XETR;EMH1;Consumer Cyclical;Travel & Leisure;Gambling
PharmaSGP Holding SE;XETR;PSG;Healthcare;Drug Manufacturers;Drug Manufacturers - Specialty & Generic
Philip Morris International Inc;XETR;4I1;Consumer Defensive;Tobacco Products;Tobacco
Phillips 66;XETR;R66;Energy;Oil & Gas;Oil & Gas Refining & Marketing
Plan Optik AG;XETR;P4O;Technology;Hardware;Scientific & Technical Instruments
Plug Power Inc;XETR;PLUN;Industrials;Industrial Products;Electrical Equipment & Parts
PNE AG;XETR;PNE3;Utilities;Utilities - Independent Power Producers;Utilities - Renewable
Pool Corp;XETR;SP1;Industrials;Industrial Distribution;Industrial Distribution
Porsche Automobil Holding SE;XETR;PAH3;Consumer Cyclical;Vehicles & Parts;Auto Manufacturers
PREOS Global Office Real Estate & Technology AG;XETR;PAG;Real Estate;Real Estate;Real Estate Services
PRO DV AG;XETR;PDA;Technology;Software;Information Technology Services
ProCredit Holding AG & Co KGaA;XETR;PCZ;Financial Services;Banks;Banks - Diversified
Procter & Gamble Co;XETR;PRG;Consumer Defensive;Consumer Packaged Goods;Household & Personal Products
Progress-Werk Oberkirch AG;XETR;PWO;Consumer Cyclical;Vehicles & Parts;Auto Parts
ProSiebenSat 1 Media SE;XETR;PSM;Communication Services;Media - Diversified;Broadcasting
Proton Motor Power Systems PLC;XETR;P6K0;Industrials;Industrial Products;Electrical Equipment & Parts
Prudential Financial Inc;XETR;PLL;Financial Services;Insurance;Insurance - Life
Prudential PLC;XETR;PRU;Financial Services;Insurance;Insurance - Life
PSI Software AG;XETR;PSAN;Technology;Software;Software - Application
publity AG;XETR;PBY;Real Estate;Real Estate;Real Estate Services
Puma SE;XETR;PUM;Consumer Cyclical;Manufacturing - Apparel & Accessories;Footwear & Accessories
PVA TePla AG;XETR;TPE;Industrials;Industrial Products;Specialty Industrial Machinery
Q.Beyond AG;XETR;QBY;Technology;Software;Information Technology Services
Qiagen NV;XETR;QIA;Healthcare;Medical Diagnostics & Research;Diagnostics & Research
Qualcomm Inc;XETR;QCI;Technology;Semiconductors;Semiconductors
Quirin Privatbank AG;XETR;QB7;Financial Services;Banks;Banks - Regional
R Stahl AG;XETR;RSL2;Industrials;Industrial Products;Specialty Industrial Machinery
Radian Group Inc;XETR;RAG;Financial Services;Insurance;Insurance - Specialty
Ralph Lauren Corp;XETR;PRL;Consumer Cyclical;Manufacturing - Apparel & Accessories;Apparel Manufacturing
Rational AG;XETR;RAA;Industrials;Industrial Products;Specialty Industrial Machinery
Raytheon Technologies Corp;XETR;5UR;Industrials;Aerospace & Defense;Aerospace & Defense
Reckitt Benckiser Group PLC;XETR;3RB;Consumer Defensive;Consumer Packaged Goods;Household & Personal Products
Regeneron Pharmaceuticals Inc;XETR;RGO;Healthcare;Biotechnology;Biotechnology
RH;XETR;RS1;Consumer Cyclical;Retail - Cyclical;Specialty Retail
Rheinmetall AG;XETR;RHM;Industrials;Aerospace & Defense;Aerospace & Defense
Rhoen Klinikum AG;XETR;RHK;Healthcare;Healthcare Providers & Services;Medical Care Facilities
RingCentral Inc;XETR;3RCA;Technology;Software;Software - Application
Ringmetall SE;XETR;HP3A;Industrials;Industrial Products;Tools & Accessories
Rio Tinto PLC;XETR;RIO1;Basic Materials;Metals & Mining;Other Industrial Metals & Mining
Rolls-Royce Holdings PLC;XETR;RRU;Industrials;Aerospace & Defense;Aerospace & Defense
ROY Asset Holding SE;XETR;RY8;Industrials;Construction;Building Products & Equipment
RTL Group SA;XETR;RRTL;Communication Services;Media - Diversified;Broadcasting
Rubean AG;XETR;R1B;Technology;Software;Software - Infrastructure
RWE AG;XETR;RWE;Utilities;Utilities - Regulated;Utilities - Diversified
Ryanair Holdings PLC;XETR;RY4C;Industrials;Transportation;Airlines
SAF Holland SE;XETR;SFQ;Consumer Cyclical;Vehicles & Parts;Auto Parts
Salesforce Inc;XETR;FOO;Technology;Software;Software - Application
Salzgitter AG;XETR;SZG;Basic Materials;Steel;Steel
SAP SE;XETR;SAP;Technology;Software;Software - Application
Sartorius AG;XETR;SRT3;Healthcare;Medical Devices & Instruments;Medical Instruments & Supplies
SBF AG;XETR;CY1K;Industrials;Transportation;Railroads
Schaeffler AG;XETR;SHA;Consumer Cyclical;Vehicles & Parts;Auto Parts
Scherzer & Co AG;XETR;PZS;Financial Services;Asset Management;Asset Management
Schloss Wachenheim AG;XETR;SWA;Consumer Defensive;Beverages - Alcoholic;Beverages - Wineries & Distilleries
Scout24 SE;XETR;G24;Real Estate;Real Estate;Real Estate Services
SDM SE;XETR;75S;Industrials;Business Services;Security & Protection Services
Secunet Security Networks AG;XETR;YSN;Technology;Software;Software - Infrastructure
Sernova Corp;XETR;PSH;Healthcare;Biotechnology;Biotechnology
ServiceNow Inc;XETR;4S0;Technology;Software;Software - Application
Serviceware SE;XETR;SJJ;Technology;Software;Software - Application
SFC Energy AG;XETR;F3C;Industrials;Industrial Products;Specialty Industrial Machinery
SGL Carbon SE;XETR;SGL;Basic Materials;Chemicals;Chemicals
SGT German Private Equity GmbH & Co KGaA;XETR;SGF;Financial Services;Asset Management;Asset Management
Shareholder Value Beteiligungen AG;XETR;SVE;Financial Services;Asset Management;Asset Management
Shop Apotheke Europe NV;XETR;SAE;Healthcare;Healthcare Providers & Services;Pharmaceutical Retailers
Shs Viveon AG;XETR;SHWK;Technology;Software;Information Technology Services
Siemens AG;XETR;SIE;Industrials;Industrial Products;Specialty Industrial Machinery
Siemens Energy AG;XETR;ENR;Industrials;Industrial Products;Specialty Industrial Machinery
Siemens Healthineers AG;XETR;SHL;Healthcare;Medical Devices & Instruments;Medical Devices
Siltronic AG;XETR;WAF;Technology;Semiconductors;Semiconductors
Singulus Technologies AG;XETR;SNG;Industrials;Industrial Products;Specialty Industrial Machinery
Sino AG;XETR;XTP;Financial Services;Capital Markets;Capital Markets
Sirius XM Holdings Inc;XETR;RDO;Communication Services;Media - Diversified;Entertainment
Sixt SE;XETR;SIX2;Industrials;Business Services;Rental & Leasing Services
SLM Solutions Group AG;XETR;AM3D;Industrials;Industrial Products;Specialty Industrial Machinery
SM Wirtschaftsberatungs AG;XETR;SMWN;Real Estate;REITs;REIT - Diversified
SMA Solar Technology AG;XETR;S92;Technology;Semiconductors;Solar
Smartbroker Holding AG;XETR;SB1;Financial Services;Capital Markets;Financial Data & Stock Exchanges
SMG European Recovery SPAC SE;XETR;RCVR;Financial Services;Diversified Financial Services;Shell Companies
SMT Scharf AG;XETR;S4AA;Industrials;Transportation;Railroads
Snap Inc;XETR;1SI;Communication Services;Interactive Media;Internet Content & Information
Snowflake Inc;XETR;5Q5;Technology;Software;Software - Application
SNP Schneider-Neureither & Partner SE;XETR;SHF;Technology;Software;Information Technology Services
Social Chain AG;XETR;PU11;Communication Services;Interactive Media;Internet Content & Information
Softing AG;XETR;SYT;Technology;Software;Information Technology Services
Softline AG;XETR;SFD1;Technology;Software;Information Technology Services
Software AG;XETR;SOW;Technology;Software;Software - Infrastructure
Solutiance AG;XETR;SLSA;Industrials;Industrial Products;Electrical Equipment & Parts
Spielvgg Unterhaching KGAA;XETR;S6P;Consumer Cyclical;Travel & Leisure;Leisure
splendid medien AG;XETR;SPM;Communication Services;Media - Diversified;Entertainment
Splunk Inc;XETR;S0U;Technology;Software;Software - Infrastructure
SPORTTOTAL AG;XETR;WIG1;Communication Services;Media - Diversified;Entertainment
SSE PLC;XETR;SCT;Utilities;Utilities - Regulated;Utilities - Diversified
Stabilus SE;XETR;STM;Industrials;Industrial Products;Specialty Industrial Machinery
Stanley Black & Decker Inc;XETR;SWF;Industrials;Industrial Products;Tools & Accessories
Starbucks Corp;XETR;SRB;Consumer Cyclical;Restaurants;Restaurants
State Street Corporation;XETR;ZYA;Financial Services;Asset Management;Asset Management
Steico SE;XETR;ST5;Basic Materials;Forest Products;Lumber & Wood Production
Stemmer Imaging AG;XETR;S9I;Industrials;Industrial Products;Specialty Industrial Machinery
Sto SE & Co KGaA;XETR;STO3;Industrials;Construction;Building Products & Equipment
Stratec SE;XETR;SBS;Healthcare;Medical Devices & Instruments;Medical Devices
Stroeer SE & Co KGaA;XETR;SAX;Communication Services;Media - Diversified;Advertising Agencies
STS Group AG;XETR;SF3;Consumer Cyclical;Vehicles & Parts;Auto Parts
Suedzucker AG;XETR;SZU;Consumer Defensive;Consumer Packaged Goods;Packaged Foods
SUESS MicroTec SE;XETR;SMHN;Technology;Semiconductors;Semiconductor Equipment & Materials
SunMirror AG;XETR;ROR;Basic Materials;Metals & Mining;Other Industrial Metals & Mining
Sunrun Inc;XETR;3S9;Technology;Semiconductors;Solar
SUSE SA;XETR;SUSE;Technology;Software;Software - Application
SVB Financial Group;XETR;SV4;Financial Services;Banks;Banks - Regional
Symrise AG;XETR;SY1;Basic Materials;Chemicals;Specialty Chemicals
SynBiotic SE;XETR;SBX;Healthcare;Drug Manufacturers;Drug Manufacturers - Specialty & Generic
Synchrony Financial;XETR;SFE;Financial Services;Credit Services;Credit Services
Synlab AG;XETR;SYAB;Healthcare;Medical Diagnostics & Research;Diagnostics & Research
Synopsys Inc;XETR;SYP;Technology;Software;Software - Infrastructure
Sysco Corp;XETR;SYY;Consumer Defensive;Retail - Defensive;Food Distribution
Syzygy AG;XETR;SYZ;Communication Services;Media - Diversified;Advertising Agencies
T-Mobile US Inc;XETR;TM5;Communication Services;Telecommunication Services;Telecom Services
T. Rowe Price Group Inc;XETR;TR1;Financial Services;Asset Management;Asset Management
TAG Immobilien AG;XETR;TEG;Real Estate;Real Estate;Real Estate Services
Take-Two Interactive Software Inc;XETR;TKE;Communication Services;Interactive Media;Electronic Gaming & Multimedia
Takkt AG;XETR;TTK;Industrials;Industrial Products;Business Equipment & Supplies
Talanx AG;XETR;TLX;Financial Services;Insurance;Insurance - Diversified
Tapestry Inc;XETR;COY;Consumer Cyclical;Retail - Cyclical;Luxury Goods
Target Corp;XETR;DYH;Consumer Defensive;Retail - Defensive;Discount Stores
TeamViewer AG;XETR;TMV;Technology;Software;Software - Application
technotrans SE;XETR;TTR1;Industrials;Industrial Products;Specialty Industrial Machinery
Telefonica Deutschland Holding AG;XETR;O2D;Communication Services;Telecommunication Services;Telecom Services
Teradyne Inc;XETR;TEY;Technology;Semiconductors;Semiconductor Equipment & Materials
Tesco PLC;XETR;TCO0;Consumer Defensive;Retail - Defensive;Grocery Stores
Tesla Inc;XETR;TL0;Consumer Cyclical;Vehicles & Parts;Auto Manufacturers
Texas Instruments Inc;XETR;TII;Technology;Semiconductors;Semiconductors
The Estee Lauder Companies Inc;XETR;ELAA;Consumer Defensive;Consumer Packaged Goods;Household & Personal Products
The Hershey Co;XETR;HSY;Consumer Defensive;Consumer Packaged Goods;Confectioners
The Home Depot Inc;XETR;HDI;Consumer Cyclical;Retail - Cyclical;Home Improvement Retail
The Kraft Heinz Co;XETR;KHNZ;Consumer Defensive;Consumer Packaged Goods;Packaged Foods
The Kroger Co;XETR;KOG;Consumer Defensive;Retail - Defensive;Grocery Stores
The Mosaic Co;XETR;02M;Basic Materials;Agriculture;Agricultural Inputs
The Naga Group AG;XETR;N4G;Financial Services;Capital Markets;Capital Markets
The Trade Desk Inc;XETR;TT8;Technology;Software;Software - Application
The Travelers Companies Inc;XETR;PA9;Financial Services;Insurance;Insurance - Property & Casualty
The Walt Disney Co;XETR;WDP;Communication Services;Media - Diversified;Entertainment
Thermo Fisher Scientific Inc;XETR;TN8;Healthcare;Medical Diagnostics & Research;Diagnostics & Research
thyssenkrupp AG;XETR;TKA;Industrials;Industrial Products;Metal Fabrication
Tilray Inc(Old);XETR;2HQ;Healthcare;Drug Manufacturers;Drug Manufacturers - Specialty & Generic
TJX Companies Inc;XETR;TJX;Consumer Cyclical;Retail - Cyclical;Apparel Retail
tmc Content Group AG;XETR;ERO1;Communication Services;Media - Diversified;Entertainment
Tokentus Investment AG;XETR;14D;Financial Services;Asset Management;Asset Management
Tonies SE;XETR;TNIE;Consumer Cyclical;Travel & Leisure;Leisure
Tonkens Agrar AG;XETR;GTK;Consumer Defensive;Consumer Packaged Goods;Farm Products
Traton SE;XETR;8TRA;Industrials;Farm & Heavy Construction Machinery;Farm & Heavy Construction Machinery
Traumhaus AG;XETR;TRU;Consumer Cyclical;Homebuilding & Construction;Residential Construction
Tubesolar AG;XETR;9TS;Technology;Semiconductors;Solar
TUI AG;XETR;TUI1;Consumer Cyclical;Travel & Leisure;Travel Services
U.S. Bancorp;XETR;UB5;Financial Services;Banks;Banks - Regional
Uber Technologies Inc;XETR;UT8;Technology;Software;Software - Application
UET United Electronic Technology AG;XETR;CFC;Technology;Hardware;Communication Equipment
UMT United Mobility Technology AG;XETR;UMDK;Technology;Software;Software - Infrastructure
UmweltBank AG;XETR;UBK;Financial Services;Banks;Banks - Regional
UniDevice AG;XETR;UDC;Technology;Hardware;Electronics & Computer Distribution
Unilever NV;XETR;UNI2;Consumer Defensive;Consumer Packaged Goods;Household & Personal Products
Uniper SE;XETR;UN01;Utilities;Utilities - Independent Power Producers;Utilities - Independent Power Producers
United Airlines Holdings Inc;XETR;UAL1;Industrials;Transportation;Airlines
United Internet AG;XETR;UTDI;Communication Services;Telecommunication Services;Telecom Services
United Labels AG;XETR;ULC;Consumer Cyclical;Travel & Leisure;Leisure
United Parcel Service Inc;XETR;UPAB;Industrials;Transportation;Integrated Freight & Logistics
Uranium Energy Corp;XETR;U6Z;Energy;Other Energy Sources;Uranium
USU Software AG;XETR;OSP2;Technology;Software;Information Technology Services
Uzin Utz SE;XETR;UZU;Basic Materials;Chemicals;Specialty Chemicals
va-Q-tec AG;XETR;VQT;Industrials;Industrial Products;Specialty Industrial Machinery
Valero Energy Corp;XETR;V1L;Energy;Oil & Gas;Oil & Gas Refining & Marketing
Vantage Towers AG;XETR;VTWR;Real Estate;Real Estate;Real Estate Services
Vapiano SE;XETR;VAO;Consumer Cyclical;Restaurants;Restaurants
Varengold Wertpapierhandelsbank AG;XETR;VG8;Financial Services;Banks;Banks - Regional
Varta AG;XETR;VAR1;Industrials;Industrial Products;Electrical Equipment & Parts
Vectron Systems AG;XETR;V3S;Technology;Software;Software - Application
Veganz Group AG;XETR;VEZ;Consumer Defensive;Consumer Packaged Goods;Packaged Foods
VERBIO Vereinigte BioEnergie AG;XETR;VBK;Basic Materials;Chemicals;Specialty Chemicals
Verianos SE;XETR;VROS;Real Estate;Real Estate;Real Estate Services
Verizon Communications Inc;XETR;BAC;Communication Services;Telecommunication Services;Telecom Services
Vertex Pharmaceuticals Inc;XETR;VX1;Healthcare;Biotechnology;Biotechnology
VF Corp;XETR;VFP;Consumer Cyclical;Manufacturing - Apparel & Accessories;Apparel Manufacturing
Viatris Inc;XETR;VIA;Healthcare;Drug Manufacturers;Drug Manufacturers - Specialty & Generic
VIB Vermoegen AG;XETR;VIH1;Real Estate;Real Estate;Real Estate Services
Villeroy & Boch AG;XETR;VIB3;Consumer Cyclical;Furnishings, Fixtures & Appliances;Furnishings, Fixtures & Appliances
Visa Inc;XETR;3V64;Financial Services;Credit Services;Credit Services
Viscom AG;XETR;V6C;Technology;Hardware;Scientific & Technical Instruments
Vita 34 AG;XETR;V3V;Healthcare;Healthcare Providers & Services;Medical Care Facilities
Vitesco Technologies Group AG;XETR;VTSC;Consumer Cyclical;Vehicles & Parts;Auto Parts
VMware Inc;XETR;BZF1;Technology;Software;Software - Infrastructure
Vodafone Group PLC;XETR;VODI;Communication Services;Telecommunication Services;Telecom Services
Volkswagen AG;XETR;VOW3;Consumer Cyclical;Vehicles & Parts;Auto Manufacturers
Vonovia SE;XETR;VNA;Real Estate;Real Estate;Real Estate Services
Vossloh AG;XETR;VOS;Industrials;Transportation;Railroads
Wacker Chemie AG;XETR;WCH;Basic Materials;Chemicals;Specialty Chemicals
Wacker Neuson SE;XETR;WAC;Industrials;Farm & Heavy Construction Machinery;Farm & Heavy Construction Machinery
Walgreens Boots Alliance Inc;XETR;W8A;Healthcare;Healthcare Providers & Services;Pharmaceutical Retailers
Walmart Inc;XETR;WMT;Consumer Defensive;Retail - Defensive;Discount Stores
Warner Bros. Discovery Inc;XETR;J5A;Communication Services;Media - Diversified;Entertainment
WashTec AG;XETR;WSU;Industrials;Industrial Products;Specialty Industrial Machinery
Waste Management Inc;XETR;UWS;Industrials;Waste Management;Waste Management
WCM Beteiligungs Und Grundbesitz AG;XETR;WCMK;Real Estate;Real Estate;Real Estate - Development
Wells Fargo & Co;XETR;NWT;Financial Services;Banks;Banks - Diversified
Weng Fine Art AG;XETR;WFA;Consumer Cyclical;Retail - Cyclical;Specialty Retail
West Pharmaceutical Services Inc;XETR;WPS;Healthcare;Medical Devices & Instruments;Medical Instruments & Supplies
Westwing Group SE;XETR;WEW;Consumer Cyclical;Furnishings, Fixtures & Appliances;Furnishings, Fixtures & Appliances
Wheaton Precious Metals Corp;XETR;SII;Basic Materials;Metals & Mining;Gold
Williams Companies Inc;XETR;WMB;Energy;Oil & Gas;Oil & Gas Midstream
Williams Grand Prix Holdings PLC;XETR;WGF1;Consumer Cyclical;Travel & Leisure;Leisure
Wirecard AG;XETR;WDI;Technology;Software;Software - Application
Wustenrot & Wurttembergische AG;XETR;WUW;Financial Services;Insurance;Insurance - Life
Wynn Resorts Ltd;XETR;WYR;Consumer Cyclical;Travel & Leisure;Resorts & Casinos
Xcel Energy Inc;XETR;NRN;Utilities;Utilities - Regulated;Utilities - Regulated Electric
Xerox Holdings Corp;XETR;XER2;Technology;Software;Information Technology Services
Yamana Gold Inc;XETR;RNY;Basic Materials;Metals & Mining;Gold
Yoc AG;XETR;YOC;Communication Services;Media - Diversified;Advertising Agencies
Zalando SE;XETR;ZAL;Consumer Cyclical;Retail - Cyclical;Internet Retail
ZEAL Network SE;XETR;TIMA;Consumer Cyclical;Travel & Leisure;Gambling
Zebra Technologies Corp;XETR;ZT1A;Technology;Hardware;Communication Equipment
Zoetis Inc;XETR;ZOE;Healthcare;Drug Manufacturers;Drug Manufacturers - Specialty & Generic
Zoom Video Communications Inc;XETR;5ZM;Technology;Software;Software - Application
Zscaler Inc;XETR;0ZC;Technology;Software;Software - Infrastructure
