c;market;v;cat;subcat
2cureX AB;XSTO;2CUREX;Healthcare;Biotechnology
4C Group AB;XSTO;4C;Technology;Software
A3 Allmanna IT- och Telekomaktiebolaget AB;XSTO;ATRE;Communication Services;Telecommunication Services
AAC Clyde Space AB;XSTO;AAC;Industrials;Aerospace & Defense
AAK AB;XSTO;AAK;Consumer Defensive;Consumer Packaged Goods
AB Sagax;XSTO;SAGA A;Real Estate;Real Estate
Abliva AB;XSTO;ABLI;Healthcare;Biotechnology
Absolent Air Care Group AB;XSTO;ABSO;Industrials;Industrial Products
AcadeMedia AB;XSTO;ACAD;Consumer Defensive;Education
Acarix AB;XSTO;ACARIX;Healthcare;Medical Devices & Instruments
Acast AB;XSTO;ACAST;Communication Services;Media - Diversified
Acconeer AB;XSTO;ACCON;Technology;Hardware
AcouSort AB;XSTO;ACOU;Healthcare;Biotechnology
ACQ Bure AB;XSTO;ACQ SPAC;Financial Services;Diversified Financial Services
Acrinova AB;XSTO;ACRI A;Real Estate;Real Estate
Acroud AB;XSTO;ACROUD;Consumer Cyclical;Travel & Leisure
Actic Group AB;XSTO;ATIC;Consumer Cyclical;Personal Services
Active Biotech AB;XSTO;ACTI;Healthcare;Biotechnology
Acuvi AB;XSTO;ACUVI;Technology;Hardware
Adapteo PLC;XSTO;ADAPT;Real Estate;Real Estate
AddLife AB;XSTO;ALIF B;Healthcare;Medical Devices & Instruments
Addnode Group AB;XSTO;ANOD B;Technology;Software
Addtech AB;XSTO;ADDT B;Industrials;Industrial Distribution
ADDvise Group AB;XSTO;ADDV A;Healthcare;Medical Devices & Instruments
Adtraction Group AB;XSTO;ADTR;Communication Services;Media - Diversified
Advanced SolTech Sweden AB;XSTO;ASAB;Technology;Semiconductors
Advenica AB;XSTO;ADVE;Technology;Software
Adventure Box Technology AB;XSTO;ADVBOX;Communication Services;Interactive Media
AegirBio AB;XSTO;AEGIR;Healthcare;Medical Devices & Instruments
Africa Energy Corp;XSTO;AEC;Energy;Oil & Gas
Africa Oil Corp;XSTO;AOI;Energy;Oil & Gas
Afry AB;XSTO;AFRY;Industrials;Construction
AGES Industri AB;XSTO;AGES B;Industrials;Industrial Products
Agilit Holding AB;XSTO;AGILIT;Healthcare;Healthcare Providers & Services
Agromino A/S;XSTO;AGRO;Consumer Defensive;Consumer Packaged Goods
Agtira AB;XSTO;AGTIRA B;Consumer Defensive;Consumer Packaged Goods
Aino Health AB;XSTO;AINO;Healthcare;Healthcare Providers & Services
Akelius Residential Property AB;XSTO;AKEL D;Real Estate;Real Estate
Aktiebolaget Fastator;XSTO;FASTAT;Real Estate;Real Estate
Alcadon Group AB;XSTO;ALCA;Technology;Hardware
Alelion Energy Systems AB;XSTO;ALELIO;Industrials;Industrial Products
Alfa Laval AB;XSTO;ALFA;Industrials;Industrial Products
Aligro Planet Acquisition Co AB;XSTO;APAC SPAC A;Financial Services;Diversified Financial Services
Alimak Group AB;XSTO;ALIG;Industrials;Industrial Products
Allarity Therapeutics AS;XSTO;ALLR;Healthcare;Biotechnology
Alleima AB;XSTO;ALLEI;Basic Materials;Steel
Allgon AB;XSTO;ALLG B;Technology;Hardware
Alligator Bioscience AB;XSTO;ATORX;Healthcare;Biotechnology
Alligo AB;XSTO;ALLIGO B;Industrials;Industrial Distribution
ALM Equity AB;XSTO;ALM;Real Estate;Real Estate
Alpcot Holding AB;XSTO;ALPCOT B;Technology;Software
AlzeCure Pharma AB;XSTO;ALZCUR;Healthcare;Drug Manufacturers
Alzinova AB;XSTO;ALZ;Healthcare;Biotechnology
Ambea AB;XSTO;AMBEA;Healthcare;Healthcare Providers & Services
Amniotics AB;XSTO;AMNI;Healthcare;Biotechnology
Annehem Fastigheter AB;XSTO;ANNE B;Real Estate;Real Estate
Annexin Pharmaceuticals AB;XSTO;ANNX;Healthcare;Biotechnology
Anoto Group AB;XSTO;ANOT;Technology;Software
AppSpotr AB;XSTO;APTR;Technology;Software
Aprendere Skolor AB;XSTO;APRNDR;Consumer Defensive;Education
AQ Group AB;XSTO;AQ;Industrials;Industrial Products
Arcane Crypto AB;XSTO;ARCANE;Financial Services;Capital Markets
Arcoma AB;XSTO;ARCOMA;Healthcare;Medical Devices & Instruments
Arctic Blue Beverages AB;XSTO;ARCTIC;Consumer Defensive;Beverages - Alcoholic
Arctic Minerals AB;XSTO;ARCT;Basic Materials;Metals & Mining
Arise AB;XSTO;ARISE;Utilities;Utilities - Independent Power Producers
Arjo AB;XSTO;ARJO B;Healthcare;Medical Distribution
Arla Plast AB;XSTO;ARPL;Basic Materials;Chemicals
Arlandastad Group AB;XSTO;AGROUP;Real Estate;Real Estate
AroCell AB;XSTO;AROC;Healthcare;Medical Diagnostics & Research
Aros Bostadsutveckling AB;XSTO;AROS;Real Estate;Real Estate
Artificial Solutions International AB;XSTO;ASAI;Technology;Software
Asarina Pharma AB;XSTO;ASAP;Healthcare;Biotechnology
Ascelia Pharma AB;XSTO;ACE;Healthcare;Biotechnology
Assa Abloy AB;XSTO;ASSA B;Industrials;Business Services
AstraZeneca PLC;XSTO;AZN;Healthcare;Drug Manufacturers
Athanase Innovation AB;XSTO;ATIN;Financial Services;Asset Management
Atlas Copco AB;XSTO;ATCO A;Industrials;Industrial Products
Atrium Ljungberg AB;XSTO;ATRLJ B;Real Estate;Real Estate
Attendo AB;XSTO;ATT;Healthcare;Healthcare Providers & Services
Atvexa AB;XSTO;ATVEXA B;Consumer Defensive;Education
Auriant Mining AB;XSTO;AUR;Basic Materials;Metals & Mining
Autoliv Inc;XSTO;ALIV SDB;Consumer Cyclical;Vehicles & Parts
Avanza Bank Holding AB;XSTO;AZA;Financial Services;Banks
Avensia AB;XSTO;AVEN;Technology;Software
Aventura Group AB;XSTO;AVENT B;Industrials;Business Services
AVTECH Sweden AB;XSTO;AVT B;Industrials;Aerospace & Defense
Awardit AB;XSTO;AWRD;Communication Services;Media - Diversified
Axfood AB;XSTO;AXFO;Consumer Defensive;Retail - Defensive
aXichem AB;XSTO;AXIC A;Basic Materials;Chemicals
Axolot Solutions Holding AB;XSTO;AXOLOT;Industrials;Waste Management
Ayima Group AB;XSTO;AYIMA B;Communication Services;Media - Diversified
Azelio AB;XSTO;AZELIO;Utilities;Utilities - Independent Power Producers
B3 Consulting Group AB;XSTO;B3;Technology;Software
Bactiguard Holding AB;XSTO;BACTI B;Healthcare;Medical Devices & Instruments
Balco Group AB;XSTO;BALCO;Industrials;Construction
Bambuser AB;XSTO;BUSER;Technology;Software
Bawat Water Technologies AB;XSTO;BAWAT;Industrials;Industrial Products
BE Group AB;XSTO;BEGR;Basic Materials;Steel
BeammWave AB;XSTO;BEAMMW B;Technology;Semiconductors
Beijer Alma AB;XSTO;BEIA B;Industrials;Industrial Products
Beijer Electronics Group AB;XSTO;BELE;Technology;Hardware
Beijer Ref AB;XSTO;BEIJ B;Industrials;Industrial Products
Bergman & Beving AB;XSTO;BERG B;Industrials;Conglomerates
Bergs Timber AB;XSTO;BRG B;Basic Materials;Forest Products
Besqab AB;XSTO;BESQ;Real Estate;Real Estate
Betsson AB;XSTO;BETS B;Consumer Cyclical;Travel & Leisure
Better Collective AS;XSTO;BETCO;Technology;Software
BHG Group AB;XSTO;BHG;Consumer Cyclical;Retail - Cyclical
BICO Group AB;XSTO;BICO;Healthcare;Medical Devices & Instruments
Bilia AB;XSTO;BILI A;Consumer Cyclical;Vehicles & Parts
Billerud AB;XSTO;BILL;Basic Materials;Forest Products
BIMobject AB;XSTO;BIM;Technology;Software
Binero Group AB;XSTO;BINERO;Technology;Software
Bio-Works Technologies AB;XSTO;BIOWKS;Healthcare;Biotechnology
BioArctic AB;XSTO;BIOA B;Healthcare;Biotechnology
Bioextrax AB;XSTO;BIOEX;Industrials;Waste Management
BioGaia AB;XSTO;BIOG B;Healthcare;Drug Manufacturers
BioInvent International AB;XSTO;BINV;Healthcare;Biotechnology
Biosergen AB;XSTO;BIOSGN;Healthcare;Biotechnology
Bioservo Technologies AB;XSTO;BIOS;Healthcare;Medical Devices & Instruments
Biotage AB;XSTO;BIOT;Healthcare;Medical Devices & Instruments
Biovica International AB;XSTO;BIOVIC B;Healthcare;Biotechnology
Bjorn Borg AB;XSTO;BORG;Consumer Cyclical;Manufacturing - Apparel & Accessories
Bokusgruppen AB;XSTO;BOKUS;Consumer Cyclical;Retail - Cyclical
Boliden AB;XSTO;BOL;Basic Materials;Metals & Mining
Bomill AB;XSTO;BOMILL;Industrials;Industrial Products
Bonasudden Holding AB;XSTO;BONAS;Real Estate;Real Estate
Bonava AB;XSTO;BONAV A;Consumer Cyclical;Homebuilding & Construction
Bonesupport Holding AB;XSTO;BONEX;Healthcare;Medical Devices & Instruments
Bong AB;XSTO;BONG;Consumer Cyclical;Packaging & Containers
Bonzun AB;XSTO;BONZUN;Healthcare;Healthcare Providers & Services
Boozt AB;XSTO;BOOZT;Consumer Cyclical;Retail - Cyclical
Botnia Exploration Holdings AB;XSTO;BOTX;Basic Materials;Metals & Mining
Boule Diagnostics AB;XSTO;BOUL;Healthcare;Medical Devices & Instruments
Bravida Holding AB;XSTO;BRAV;Industrials;Construction
Bredband2 i Skandinavien AB;XSTO;BRE2;Communication Services;Telecommunication Services
Bricknode Holding AB;XSTO;BRICK B;Technology;Software
Brighter AB;XSTO;BRIG;Healthcare;Medical Devices & Instruments
Brilliant Future AB;XSTO;BRILL;Industrials;Business Services
Brinova Fastigheter AB;XSTO;BRIN B;Real Estate;Real Estate
BTS Group AB;XSTO;BTS B;Industrials;Business Services
Bufab AB;XSTO;BUFAB;Industrials;Industrial Distribution
BuildData Group AB;XSTO;BUILD;Technology;Software
Bulten AB;XSTO;BULTEN;Consumer Cyclical;Vehicles & Parts
Bure Equity AB;XSTO;BURE;Financial Services;Asset Management
Byggfakta Group Nordic HoldCo AB;XSTO;BFG;Technology;Software
Byggmastare Anders J Ahlstrom Holding AB;XSTO;AJA B;Industrials;Conglomerates
Byggmax Group AB;XSTO;BMAX;Industrials;Construction
ByggPartner Gruppen AB;XSTO;BYGGP;Industrials;Construction
C-Rad AB;XSTO;CRAD B;Healthcare;Medical Devices & Instruments
CAG Group AB;XSTO;CAG;Technology;Software
Calliditas Therapeutics AB;XSTO;CALTX;Healthcare;Biotechnology
Camurus AB;XSTO;CAMX;Healthcare;Biotechnology
Candles Scandinavia B;XSTO;CANDLE B;Consumer Defensive;Consumer Packaged Goods
Cantargia AB;XSTO;CANTA;Healthcare;Biotechnology
Careium AB;XSTO;CARE;Industrials;Business Services
Cary Group Holding AB;XSTO;CARY;Consumer Cyclical;Vehicles & Parts
Case Group AB;XSTO;CASE;Financial Services;Asset Management
Castellum AB;XSTO;CAST;Real Estate;Real Estate
Catella AB;XSTO;CAT A;Financial Services;Asset Management
Catena AB;XSTO;CATE;Real Estate;Real Estate
Catena Media PLC;XSTO;CTM;Consumer Cyclical;Travel & Leisure
Cavotec SA;XSTO;CCC;Industrials;Industrial Products
Cdon AB;XSTO;CDON;Consumer Cyclical;Retail - Cyclical
Cedergrenska AB;XSTO;CEDER;Consumer Defensive;Education
Cell Impact;XSTO;CI;Industrials;Industrial Products
CellaVision AB;XSTO;CEVI;Healthcare;Medical Devices & Instruments
ChargePanel AB (publ);XSTO;CHARGE;Technology;Software
Checkin.com Group AB;XSTO;CHECK;Technology;Software
Chordate Medical Holding AB;XSTO;CMH;Healthcare;Medical Devices & Instruments
Christian Berner Tech Trade AB;XSTO;CBTT B;Industrials;Industrial Products
ChromoGenics AB;XSTO;CHRO;Industrials;Construction
Cibus Nordic Real Estate AB;XSTO;CIBUS;Real Estate;Real Estate
Cinis Fertilizer AB;XSTO;CINIS;Basic Materials;Agriculture
Cint Group AB;XSTO;CINT;Technology;Software
Circhem AB;XSTO;CIRCHE;Industrials;Industrial Products
Clas Ohlson AB;XSTO;CLAS B;Consumer Cyclical;Retail - Cyclical
Clavister Holding AB;XSTO;CLAV;Technology;Software
Clean Industry Solutions Holding Europe AB;XSTO;CISH;Utilities;Utilities - Independent Power Producers
Clean Motion AB;XSTO;CLEMO;Consumer Cyclical;Vehicles & Parts
Clemondo Group AB;XSTO;CLEM;Consumer Defensive;Consumer Packaged Goods
Climeon AB;XSTO;CLIME B;Utilities;Utilities - Independent Power Producers
Cline Scientific AB;XSTO;CLINE B;Healthcare;Biotechnology
Clinical Laserthermia Systems AB;XSTO;CLS B;Healthcare;Medical Devices & Instruments
Cloetta AB;XSTO;CLA B;Consumer Defensive;Consumer Packaged Goods
Coala-Life Group AB;XSTO;COALA;Healthcare;Medical Devices & Instruments
CodeMill AB;XSTO;CDMIL;Technology;Software
CoinShares International Ltd;XSTO;CS;Financial Services;Capital Markets
Collector Bank AB;XSTO;COLL;Financial Services;Credit Services
CombiGene AB;XSTO;COMBI;Healthcare;Biotechnology
CombinedX AB;XSTO;CX;Technology;Software
Compodium International AB;XSTO;COMPDM;Technology;Software
Concejo AB;XSTO;CNCJO B;Industrials;Business Services
Concentric AB;XSTO;COIC;Industrials;Industrial Products
Concordia Maritime AB;XSTO;CCOR B;Industrials;Transportation
Coor Service Management Holding AB;XSTO;COOR;Industrials;Business Services
Copperstone Resources AB;XSTO;COPP B;Basic Materials;Metals & Mining
Corem Property Group AB;XSTO;CORE A;Real Estate;Real Estate
Corline Biomedical AB;XSTO;CLBIO;Healthcare;Biotechnology
Cortus Energy AB;XSTO;CE;Utilities;Utilities - Independent Power Producers
Creades AB;XSTO;CRED A;Financial Services;Asset Management
Creaspac AB;XSTO;CPAC SPAC;Financial Services;Diversified Financial Services
Crunchfish AB;XSTO;CFISH;Technology;Software
CTEK AB;XSTO;CTEK;Technology;Hardware
CTT Systems AB;XSTO;CTT;Industrials;Aerospace & Defense
Cyber Security 1 AB;XSTO;CYB1;Technology;Software
Cyxone AB;XSTO;CYXO;Healthcare;Biotechnology
Dala Energi AB;XSTO;DE;Utilities;Utilities - Regulated
DDM Holding AG;XSTO;DDM;Financial Services;Asset Management
Dedicare AB;XSTO;DEDI;Industrials;Business Services
Delarka Holding AB;XSTO;DELARK;Real Estate;Real Estate
Desenio Group AB;XSTO;DSNO;Consumer Cyclical;Retail - Cyclical
DevPort AB;XSTO;DEVP B;Technology;Software
Devyser Diagnostics AB;XSTO;DVYSR;Healthcare;Medical Diagnostics & Research
Diadrom Holding AB;XSTO;DIAH;Technology;Software
Diagonal Bio AB;XSTO;DIABIO;Healthcare;Biotechnology
Diamyd Medical AB;XSTO;DMYD B;Healthcare;Biotechnology
Dignitana AB;XSTO;DIGN;Healthcare;Medical Devices & Instruments
Dios Fastigheter AB;XSTO;DIOS;Real Estate;Real Estate
DistIT AB;XSTO;DIST;Technology;Hardware
Divio Technologies AB;XSTO;DIVIO B;Technology;Software
Dlaboratory Sweden AB;XSTO;DLAB;Utilities;Utilities - Independent Power Producers
Dometic Group AB;XSTO;DOM;Consumer Cyclical;Travel & Leisure
Doro AB;XSTO;DORO;Technology;Hardware
Doxa AB;XSTO;DOXA;Healthcare;Medical Devices & Instruments
Drillcon AB;XSTO;DRIL;Industrials;Business Services
Duearity AB;XSTO;DEAR;Healthcare;Medical Devices & Instruments
Duni AB;XSTO;DUNI;Consumer Defensive;Consumer Packaged Goods
Duroc AB;XSTO;DURC B;Consumer Cyclical;Manufacturing - Apparel & Accessories
Dustin Group AB;XSTO;DUST;Technology;Software
Eastnine AB;XSTO;EAST;Real Estate;Real Estate
Ecoclime Group AB;XSTO;ECC B;Industrials;Construction
Edgeware AB;XSTO;EDGE;Technology;Software
eEducation Albert AB;XSTO;ALBERT;Technology;Software
Effnetplattformen AB;XSTO;EFFP;Financial Services;Asset Management
Effnetplattformen Holding AB;XSTO;EFFH;Financial Services;Asset Management
Egetis Therapeutics AB;XSTO;EGTX;Healthcare;Biotechnology
Ekobot AB;XSTO;EKOBOT;Industrials;Farm & Heavy Construction Machinery
Elanders AB;XSTO;ELAN B;Industrials;Business Services
Electrolux AB;XSTO;ELUX A;Consumer Cyclical;Furnishings, Fixtures & Appliances
Electrolux Professional AB;XSTO;EPRO B;Industrials;Industrial Products
Elekta AB;XSTO;EKTA B;Healthcare;Medical Devices & Instruments
Elicera Therapeutics AB;XSTO;ELIC;Healthcare;Biotechnology
Ellen AB;XSTO;ELN;Consumer Defensive;Consumer Packaged Goods
ELLWEE AB;XSTO;ELLWEE;Consumer Cyclical;Vehicles & Parts
Elon AB;XSTO;ELON;Consumer Cyclical;Retail - Cyclical
Elos Medtech AB;XSTO;ELOS B;Healthcare;Medical Devices & Instruments
Eltel AB;XSTO;ELTEL;Industrials;Construction
Embellence Group AB;XSTO;EMBELL;Consumer Cyclical;Furnishings, Fixtures & Appliances
Embracer Group AB;XSTO;EMBRAC B;Communication Services;Interactive Media
Empir Group AB;XSTO;EMPIR B;Technology;Software
Emplicure AB;XSTO;EMPLI;Healthcare;Drug Manufacturers
Enad Global 7 AB;XSTO;EG7;Communication Services;Interactive Media
Enea AB;XSTO;ENEA;Technology;Software
Enersize Oyj;XSTO;ENERS;Technology;Software
Engcon AB;XSTO;ENGCON B;Industrials;Farm & Heavy Construction Machinery
Eniro Group AB;XSTO;ENRO;Communication Services;Interactive Media
ENLABS AB;XSTO;NLAB;Consumer Cyclical;Travel & Leisure
Enorama Pharma AB;XSTO;ERMA;Healthcare;Drug Manufacturers
EnQuest PLC;XSTO;ENQ;Energy;Oil & Gas
Enzymatica AB;XSTO;ENZY;Healthcare;Drug Manufacturers
Eolus Vind AB;XSTO;EOLU B;Industrials;Construction
Epiroc AB;XSTO;EPI A;Industrials;Farm & Heavy Construction Machinery
Episurf Medical AB;XSTO;EPIS B;Healthcare;Medical Devices & Instruments
Epti AB;XSTO;EPTI;Technology;Software
EQT AB;XSTO;EQT;Financial Services;Asset Management
Essity AB;XSTO;ESSITY B;Consumer Defensive;Consumer Packaged Goods
Etrion Corp;XSTO;ETX;Utilities;Utilities - Independent Power Producers
Euroafrica Digital Ventures AB;XSTO;EURA;Technology;Software
Evolution AB;XSTO;EVO;Consumer Cyclical;Travel & Leisure
Ework Group AB;XSTO;EWRK;Industrials;Business Services
ExpreS2ion Biotech Holding AB;XSTO;EXPRS2;Healthcare;Biotechnology
Exsitec Holding AB;XSTO;EXS;Technology;Software
Fabege AB;XSTO;FABG;Real Estate;Real Estate
Fagerhult AB;XSTO;FAG;Industrials;Industrial Products
Fantasma Games AB;XSTO;FAGA;Communication Services;Interactive Media
Fasadgruppen Group AB;XSTO;FG;Industrials;Construction
Fastighets AB Balder;XSTO;BALD B;Real Estate;Real Estate
Fastighets AB Trianon;XSTO;TRIAN B;Real Estate;Real Estate
Fastighetsbolaget Emilshus AB;XSTO;EMIL B;Real Estate;Real Estate
FastPartner AB;XSTO;FPAR A;Real Estate;Real Estate
Fenix Outdoor International Ltd;XSTO;FOI B;Consumer Cyclical;Retail - Cyclical
Ferroamp AB;XSTO;FERRO;Industrials;Industrial Products
Ferronordic AB;XSTO;FNM;Industrials;Industrial Distribution
Filo Mining Corp;XSTO;FIL;Basic Materials;Metals & Mining
Fingerprint Cards AB;XSTO;FING B;Technology;Hardware
Firefly AB;XSTO;FIRE;Industrials;Business Services
First Venture Sweden AB;XSTO;FIRST B;Financial Services;Asset Management
Flat Capital AB;XSTO;FLAT B;Financial Services;Asset Management
Flexion Mobile PLC;XSTO;FLEXM;Communication Services;Interactive Media
FlexQube AB;XSTO;FLEXQ;Industrials;Industrial Products
Flowscape Technology AB;XSTO;FLOWS;Technology;Software
Fluicell AB;XSTO;FLUI;Healthcare;Biotechnology
FluoGuide A/S;XSTO;FLUO;Healthcare;Medical Devices & Instruments
FM Mattsson Mora Group AB;XSTO;FMM B;Industrials;Construction
Footway Group AB;XSTO;FOOT PREF;Consumer Cyclical;Retail - Cyclical
Formpipe Software AB;XSTO;FPIP;Technology;Software
Fortinova Fastigheter AB;XSTO;FNOVA B;Real Estate;Real Estate
Fortnox AB;XSTO;FNOX;Technology;Software
Fractal Gaming Group AB;XSTO;FRACTL;Technology;Hardware
Fragbite Group AB;XSTO;FRAG;Communication Services;Interactive Media
Fram Skandinavien AB;XSTO;FRAM B;Technology;Software
Freemelt Holding AB;XSTO;FREEM;Technology;Hardware
Freja eID Group AB;XSTO;FREJA;Technology;Software
FRISQ Holding AB;XSTO;FRISQ;Healthcare;Healthcare Providers & Services
FSport AB;XSTO;FSPORT;Communication Services;Interactive Media
FUUD AB;XSTO;FUUD;Consumer Defensive;Consumer Packaged Goods
G5 Entertainment AB;XSTO;G5EN;Communication Services;Interactive Media
Gabather AB;XSTO;GABA;Healthcare;Drug Manufacturers
Gaming Corps AB;XSTO;GCOR;Communication Services;Interactive Media
Gapwaves AB;XSTO;GAPW B;Technology;Hardware
GARO AB;XSTO;GARO;Industrials;Industrial Products
Gasporox AB;XSTO;GPX;Technology;Hardware
Generic Sweden AB;XSTO;GENI;Technology;Software
Genova Property Group AB;XSTO;GPG;Real Estate;Real Estate
Genovis AB;XSTO;GENO;Healthcare;Biotechnology
Getinge AB;XSTO;GETI B;Healthcare;Medical Devices & Instruments
Global Gaming 555 AB;XSTO;GLOBAL;Communication Services;Interactive Media
Godsinlosen Nordic AB;XSTO;GIAB;Technology;Software
GomSpace Group AB;XSTO;GOMX;Industrials;Aerospace & Defense
Goobit Group AB;XSTO;BTCX;Financial Services;Capital Markets
Goodbye Kansas Group AB;XSTO;GBK;Communication Services;Media - Diversified
Gotenehus Group AB;XSTO;GHUS B;Consumer Cyclical;Homebuilding & Construction
Granges AB;XSTO;GRNG;Basic Materials;Metals & Mining
Greater Than AB;XSTO;GREAT;Technology;Software
Green Landscaping Group AB;XSTO;GREEN;Industrials;Business Services
Guard Therapeutics International AB;XSTO;GUARD;Healthcare;Biotechnology
Guideline Geo AB;XSTO;GGEO;Industrials;Industrial Products
Gunnebo AB;XSTO;GUNN;Industrials;Business Services
Haldex AB;XSTO;HLDX;Consumer Cyclical;Vehicles & Parts
Handicare Group AB;XSTO;HANDI;Healthcare;Medical Devices & Instruments
Hansa Biopharma AB;XSTO;HNSA;Healthcare;Biotechnology
Hanza AB;XSTO;HANZA;Technology;Hardware
Havsfrun Investment AB;XSTO;HAV B;Financial Services;Capital Markets
Haypp Group AB;XSTO;HAYPP;Consumer Defensive;Tobacco Products
Heba Fastighets AB;XSTO;HEBA B;Real Estate;Real Estate
Hedera Group AB;XSTO;HEGR;Industrials;Business Services
Heliospectra AB;XSTO;HELIO;Industrials;Industrial Products
Hemcheck Sweden AB;XSTO;HEMC;Healthcare;Medical Devices & Instruments
Hemfosa Fastigheter AB;XSTO;HEMF PREF.PFD;Real Estate;Real Estate
Hemnet Group AB;XSTO;HEM;Communication Services;Interactive Media
Hennes & Mauritz AB;XSTO;HM B;Consumer Cyclical;Manufacturing - Apparel & Accessories
Hexagon AB;XSTO;HEXA B;Technology;Hardware
Hexatronic Group AB;XSTO;HTRO;Technology;Hardware
Hexicon AB;XSTO;HEXI;Industrials;Construction
Hexpol AB;XSTO;HPOL B;Basic Materials;Chemicals
Hifab Group AB;XSTO;HIFA B;Industrials;Construction
High Coast Distillery AB;XSTO;HIGHCO B;Consumer Defensive;Beverages - Alcoholic
Hilbert Group AB;XSTO;HILB B;Financial Services;Asset Management
Himalaya Shipping Ltd;XSTO;HSHIPO;Industrials;Transportation
HiQ International AB;XSTO;HIQ;Technology;Software
Hitech & Development Wireless Sweden Holding AB;XSTO;HDW B;Technology;Hardware
HMS Networks AB;XSTO;HMS;Technology;Hardware
Hoist Finance AB;XSTO;HOFI;Financial Services;Banks
Holmen AB;XSTO;HOLM A;Basic Materials;Forest Products
Hoylu AB;XSTO;HOYLU;Technology;Software
Hufvudstaden AB;XSTO;HUFV A;Real Estate;Real Estate
Humana AB;XSTO;HUM;Healthcare;Healthcare Providers & Services
Humble Group AB;XSTO;HUMBLE;Consumer Defensive;Consumer Packaged Goods
Husqvarna AB;XSTO;HUSQ A;Industrials;Industrial Products
I-Tech AB;XSTO;ITECH;Healthcare;Biotechnology
IAR Systems Group AB;XSTO;IAR B;Technology;Software
Iconovo AB;XSTO;ICO;Healthcare;Medical Devices & Instruments
Idogen AB;XSTO;IDOGEN;Healthcare;Biotechnology
Idun Industrier AB;XSTO;IDUN B;Financial Services;Asset Management
Image Systems AB;XSTO;IS;Technology;Hardware
Immunovia AB;XSTO;IMMNOV;Healthcare;Medical Diagnostics & Research
Impact Coatings AB;XSTO;IMPC;Industrials;Industrial Products
Implantica AG;XSTO;IMP A SDB;Healthcare;Medical Devices & Instruments
InCoax Networks AB;XSTO;INCOAX;Technology;Hardware
InDex Pharmaceuticals Holding AB;XSTO;INDEX;Healthcare;Biotechnology
Industrivarden AB;XSTO;INDU A;Financial Services;Asset Management
Indutrade AB;XSTO;INDT;Industrials;Industrial Distribution
Infant Bacterial Therapeutics AB;XSTO;IBT B;Healthcare;Biotechnology
Infrea AB;XSTO;INFREA;Financial Services;Asset Management
Inission AB;XSTO;INISS B;Industrials;Industrial Distribution
Initiator Pharma A/S;XSTO;INIT;Healthcare;Biotechnology
Insplorion AB;XSTO;INSP;Technology;Hardware
Instalco AB;XSTO;INSTAL;Industrials;Construction
Integrum AB;XSTO;INTEG B;Healthcare;Medical Devices & Instruments
Intellego Technologies AB;XSTO;INT;Industrials;Industrial Products
International Petroleum Corp;XSTO;IPCO;Energy;Oil & Gas
Internationella Engelska Skolan i Sverige Holdings;XSTO;ENG;Consumer Defensive;Education
Intervacc AB;XSTO;IVACC;Healthcare;Biotechnology
Intrum AB;XSTO;INTRUM;Financial Services;Credit Services
Investment AB Latour;XSTO;LATO B;Financial Services;Asset Management
Investment AB Oresund;XSTO;ORES;Financial Services;Asset Management
Investor AB;XSTO;INVE A;Financial Services;Asset Management
Invisio AB;XSTO;IVSO;Technology;Hardware
Inwido AB;XSTO;INWI;Industrials;Construction
Inzile AB;XSTO;INZILE;Consumer Cyclical;Vehicles & Parts
Irisity AB;XSTO;IRIS;Industrials;Business Services
IRLAB Therapeutics AB;XSTO;IRLAB A;Healthcare;Biotechnology
IRRAS AB;XSTO;IRRAS;Healthcare;Medical Devices & Instruments
Isofol Medical AB;XSTO;ISOFOL;Healthcare;Biotechnology
ISR Immune System Regulation Holding AB;XSTO;ISR;Healthcare;Biotechnology
ITAB Shop Concept AB;XSTO;ITAB;Industrials;Industrial Products
Ivisys AB;XSTO;IVISYS;Industrials;Industrial Products
iZafe Group AB;XSTO;IZAFE B;Healthcare;Medical Devices & Instruments
J M AB;XSTO;JM;Consumer Cyclical;Homebuilding & Construction
Jetpak Top Holding AB (publ);XSTO;JETPAK;Industrials;Transportation
JLT Mobile Computers AB;XSTO;JLT;Technology;Hardware
Job Solution Sweden Holding AB;XSTO;JOBS;Industrials;Business Services
John Mattson Fastighetsforetagen AB;XSTO;JOMA;Real Estate;Real Estate
JonDeTech Sensors AB;XSTO;JDT;Technology;Hardware
K-Fast Holding AB;XSTO;KFAST B;Real Estate;Real Estate
K2A Knaust & Andersson Fastigheter;XSTO;K2A B;Real Estate;Real Estate
KABE Group AB;XSTO;KABE B;Consumer Cyclical;Vehicles & Parts
Kakel Max AB;XSTO;KAKEL;Basic Materials;Building Materials
Kalleback Property Invest AB;XSTO;KAPIAB;Real Estate;Real Estate
Kambi Group PLC;XSTO;KAMBI;Consumer Cyclical;Travel & Leisure
Kancera AB;XSTO;KAN;Healthcare;Biotechnology
Karnov Group AB;XSTO;KAR;Industrials;Business Services
Karo Pharma AB;XSTO;KARO;Healthcare;Drug Manufacturers
Karolinska Development AB;XSTO;KDEV;Healthcare;Biotechnology
KebNi AB;XSTO;KEBNI B;Technology;Hardware
Kentima Holding AB;XSTO;KENH;Technology;Software
Kiliaro AB;XSTO;KILI;Technology;Software
Kindred Group PLC;XSTO;KIND SDB;Consumer Cyclical;Travel & Leisure
Kinnevik AB;XSTO;KINV A;Financial Services;Asset Management
Kjell Group AB;XSTO;KJELL;Technology;Hardware
KlaraBo Sverige AB;XSTO;KLARA B;Real Estate;Real Estate
Klaria Pharma Holding AB;XSTO;KLAR;Healthcare;Drug Manufacturers
Klimator AB;XSTO;KLIMAT;Technology;Software
Knowit AB;XSTO;KNOW;Technology;Software
Kollect on Demand Holding AB;XSTO;KOLL;Industrials;Waste Management
Kontigo Care AB;XSTO;KONT;Healthcare;Healthcare Providers & Services
Kopy Goldfields AB;XSTO;KOPY;Basic Materials;Metals & Mining
L E Lundbergforetagen AB;XSTO;LUND B;Financial Services;Asset Management
Lagercrantz Group AB;XSTO;LAGR B;Technology;Hardware
Lammhults Design Group AB;XSTO;LAMM B;Consumer Cyclical;Furnishings, Fixtures & Appliances
Lauritz.com Group A/S;XSTO;LAUR;Consumer Cyclical;Retail - Cyclical
Leading Edge Materials Corp;XSTO;LEMSE;Basic Materials;Metals & Mining
Learning 2 Sleep L2S AB;XSTO;L2S;Healthcare;Healthcare Providers & Services
Lexington Company AB;XSTO;LEX;Consumer Cyclical;Manufacturing - Apparel & Accessories
Lidds AB;XSTO;LIDDS;Healthcare;Biotechnology
Lifco AB;XSTO;LIFCO B;Industrials;Conglomerates
Lifeclean International AB;XSTO;LCLEAN;Consumer Defensive;Consumer Packaged Goods
Lime Technologies AB;XSTO;LIME;Technology;Software
Linc AB;XSTO;LINC;Financial Services;Asset Management
Lindab International AB;XSTO;LIAB;Industrials;Construction
Link Prop Investment AB;XSTO;LINKAB;Real Estate;Real Estate
Linkfire A/S;XSTO;LINKFI;Communication Services;Media - Diversified
Lipidor AB;XSTO;LIPI;Healthcare;Drug Manufacturers
Lipigon Pharmaceuticals AB;XSTO;LPGO;Healthcare;Biotechnology
Lipum AB;XSTO;LIPUM;Healthcare;Biotechnology
Litium AB;XSTO;LITI;Technology;Software
Liv ihop AB;XSTO;LIVI;Industrials;Business Services
LL Lucky Games AB;XSTO;LADYLU;Communication Services;Interactive Media
LMK Group AB;XSTO;LMKG;Consumer Defensive;Retail - Defensive
Logistea AB;XSTO;LOGI A;Real Estate;Real Estate
Lohilo Foods AB;XSTO;LOHILO;Consumer Defensive;Consumer Packaged Goods
Loomis AB;XSTO;LOOMIS;Industrials;Business Services
Loyal Solutions A/S;XSTO;LOYAL;Technology;Software
Lucara Diamond Corp;XSTO;LUC;Basic Materials;Metals & Mining
LumenRadio AB;XSTO;LUMEN;Technology;Hardware
Lundin Gold Inc;XSTO;LUG;Basic Materials;Metals & Mining
Lundin Mining Corp;XSTO;LUMI;Basic Materials;Metals & Mining
Luxbright AB;XSTO;LXB;Healthcare;Medical Devices & Instruments
Lyckegard Group AB;XSTO;LYGRD;Industrials;Farm & Heavy Construction Machinery
Lyko Group AB;XSTO;LYKO A;Consumer Defensive;Consumer Packaged Goods
Mackmyra Svensk Whisky AB;XSTO;MACK B;Consumer Defensive;Beverages - Alcoholic
MAG Interactive AB;XSTO;MAGI;Communication Services;Interactive Media
Magle Chemoswed Holding AB;XSTO;MAGLE;Healthcare;Biotechnology
Magnolia Bostad AB;XSTO;MAG;Real Estate;Real Estate
Maha Energy AB;XSTO;MAHA A;Energy;Oil & Gas
Malmbergs Elektriska AB;XSTO;MEAB B;Technology;Hardware
Mangold AB;XSTO;MANG;Financial Services;Capital Markets
Mantex AB;XSTO;MANTEX;Industrials;Industrial Products
Maven Wireless Sweden AB;XSTO;MAVEN;Technology;Hardware
Mavshack AB;XSTO;MAV;Communication Services;Media - Diversified
MedCap AB;XSTO;MCAP;Financial Services;Asset Management
Medhelp Care AB;XSTO;MEDHLP;Healthcare;Healthcare Providers & Services
Medicover AB;XSTO;MCOV B;Healthcare;Healthcare Providers & Services
Medivir AB;XSTO;MVIR B;Healthcare;Biotechnology
MEKO AB;XSTO;MEKO;Industrials;Industrial Distribution
Mendus AB;XSTO;IMMU;Healthcare;Biotechnology
Mentice AB;XSTO;MNTC;Healthcare;Medical Devices & Instruments
Mestro AB;XSTO;MESTRO;Technology;Software
Metacon AB;XSTO;META;Industrials;Industrial Products
Micro Systemation AB;XSTO;MSAB B;Technology;Software
Midsona AB;XSTO;MSON A;Consumer Defensive;Consumer Packaged Goods
Midsummer AB;XSTO;MIDS;Technology;Semiconductors
Midway Holding AB;XSTO;MIDW A;Industrials;Industrial Products
Mildef Group AB;XSTO;MILDEF;Industrials;Aerospace & Defense
Millicom International Cellular SA;XSTO;TIGO SDB;Communication Services;Telecommunication Services
Minesto AB;XSTO;MINEST;Utilities;Utilities - Independent Power Producers
Mips AB;XSTO;MIPS;Consumer Cyclical;Travel & Leisure
Misen Energy AB;XSTO;MISE;Energy;Oil & Gas
MOBA Network AB;XSTO;MOBA;Technology;Software
Moberg Pharma AB;XSTO;MOB;Healthcare;Drug Manufacturers
Modelon AB;XSTO;MODEL B;Technology;Software
Modern Ekonomi Sverige Holding AB;XSTO;ME;Industrials;Business Services
Modern Times Group MTG AB;XSTO;MTG A;Communication Services;Interactive Media
Modus Therapeutics Holding AB;XSTO;MODTX;Healthcare;Biotechnology
Moment Group AB;XSTO;MOMENT;Communication Services;Media - Diversified
Momentum Group AB;XSTO;MMGR B;Industrials;Industrial Distribution
Move About Group AB;XSTO;MOV;Technology;Software
MTI Investment SE;XSTO;MTI;Financial Services;Asset Management
Munters Group AB;XSTO;MTRS;Industrials;Industrial Products
Mycronic AB;XSTO;MYCR;Industrials;Industrial Products
myFC Holding AB;XSTO;MYFC;Industrials;Industrial Products
Nanexa AB;XSTO;NANEXA;Healthcare;Drug Manufacturers
Nanologica AB;XSTO;NICA;Healthcare;Biotechnology
NAXS AB;XSTO;NAXS;Financial Services;Asset Management
NCAB Group AB;XSTO;NCAB;Technology;Hardware
NCC AB;XSTO;NCC A;Industrials;Construction
Nederman Holding AB;XSTO;NMAN;Industrials;Industrial Products
Nelly Group AB;XSTO;NELLY;Consumer Cyclical;Retail - Cyclical
Neobo Fastigheter AB;XSTO;NEOBO;Real Estate;Real Estate
NeoDynamics AB;XSTO;NEOD;Healthcare;Medical Devices & Instruments
Neola Medical AB;XSTO;NEOLA;Healthcare;Medical Devices & Instruments
Nepa AB;XSTO;NEPA;Industrials;Business Services
Net Insight AB;XSTO;NETI B;Technology;Hardware
Netel Holding AB;XSTO;NETEL;Communication Services;Telecommunication Services
NetEnt AB;XSTO;NET IL B.PFD;Communication Services;Interactive Media
NetJobs Group AB;XSTO;NJOB;Industrials;Business Services
Netmore Group AB;XSTO;NETM B;Communication Services;Telecommunication Services
New Bubbleroom Sweden AB;XSTO;BBROOM;Consumer Cyclical;Retail - Cyclical
New Nordic Healthbrands AB;XSTO;NNH;Consumer Defensive;Consumer Packaged Goods
New Wave Group AB;XSTO;NEWA B;Consumer Cyclical;Retail - Cyclical
Newbury Pharmaceuticals AB;XSTO;NEWBRY;Healthcare;Drug Manufacturers
Newton Nordic AB;XSTO;NEWTON;Technology;Hardware
Nexam Chemical Holding AB;XSTO;NEXAM;Basic Materials;Chemicals
NextCell Pharma AB;XSTO;NXTCL;Healthcare;Biotechnology
Ngenic AB;XSTO;NGENIC;Technology;Hardware
NGS Group AB;XSTO;NGS;Industrials;Business Services
NIBE Industrier AB;XSTO;NIBE B;Industrials;Construction
Nicoccino Holding AB;XSTO;NICO;Consumer Defensive;Tobacco Products
Nilar International AB;XSTO;NILAR;Technology;Hardware
Nilorngruppen AB;XSTO;NIL B;Consumer Cyclical;Manufacturing - Apparel & Accessories
Nilsson Special Vehicles AB;XSTO;NILS;Consumer Cyclical;Vehicles & Parts
Nimbus Group AB;XSTO;BOAT;Consumer Cyclical;Vehicles & Parts
Nitro Games PLC;XSTO;NITRO;Communication Services;Interactive Media
Nivika Fastigheter AB;XSTO;NIVI B;Real Estate;Real Estate
Nobia AB;XSTO;NOBI;Consumer Cyclical;Furnishings, Fixtures & Appliances
Nobina AB;XSTO;NOBINA;Industrials;Transportation
Nolato AB;XSTO;NOLA B;Industrials;Conglomerates
Nord Insuretech Group AB;XSTO;NORDIG;Technology;Software
Nordea Bank Abp;XSTO;NDA SE;Financial Services;Banks
Nordic Asia Investment Group 1987 AB;XSTO;NAIG B;Financial Services;Asset Management
Nordic Flanges Group AB;XSTO;NFGAB;Industrials;Industrial Products
Nordic Iron Ore AB;XSTO;NIO;Basic Materials;Metals & Mining
Nordic LEVEL Group AB;XSTO;LEVEL;Industrials;Business Services
Nordic Paper Holding AB;XSTO;NPAPER;Basic Materials;Forest Products
Nordic Waterproofing Holding AB;XSTO;NWG;Industrials;Construction
Nordisk Bergteknik AB;XSTO;NORB B;Industrials;Construction
Norditek Group AB;XSTO;NOTEK;Industrials;Waste Management
Nordnet AB;XSTO;SAVE;Financial Services;Capital Markets
Northbaze Group AB;XSTO;NBZ;Technology;Hardware
Northgold AB;XSTO;NG;Basic Materials;Metals & Mining
Norva24 Group AB;XSTO;NORVA;Industrials;Waste Management
Note AB;XSTO;NOTE;Technology;Hardware
Novotek AB;XSTO;NTEK B;Technology;Software
NP3 Fastigheter AB;XSTO;NP3;Real Estate;Real Estate
Nyfosa AB;XSTO;NYF;Real Estate;Real Estate
OEM International AB;XSTO;OEM B;Industrials;Industrial Distribution
Ogunsen AB;XSTO;OGUN B;Industrials;Business Services
Oncopeptides AB;XSTO;ONCO;Healthcare;Biotechnology
OncoZenge AB;XSTO;ONCOZ;Healthcare;Biotechnology
Oneflow AB;XSTO;ONEF;Technology;Software
Online Brands Nordic AB;XSTO;OBAB;Consumer Cyclical;Retail - Cyclical
Opter AB;XSTO;OPTER;Technology;Software
OptiCept Technologies AB;XSTO;OPTI;Industrials;Industrial Products
Opus Group AB;XSTO;OPUS;Consumer Cyclical;Vehicles & Parts
Orexo AB;XSTO;ORX;Healthcare;Drug Manufacturers
OrganoClick AB;XSTO;ORGC;Basic Materials;Chemicals
Orron Energy AB;XSTO;ORRON;Utilities;Utilities - Independent Power Producers
Ortivus AB;XSTO;ORTI A;Healthcare;Medical Devices & Instruments
Oscar Properties Holding AB;XSTO;OP;Consumer Cyclical;Homebuilding & Construction
OssDsign AB;XSTO;OSSD;Healthcare;Medical Devices & Instruments
Ovzon AB;XSTO;OVZON;Communication Services;Telecommunication Services
OX2 AB;XSTO;OX2;Utilities;Utilities - Independent Power Producers
OXE Marine AB;XSTO;OXE;Consumer Cyclical;Vehicles & Parts
Pagero Group AB;XSTO;PAGERO;Technology;Software
Pandox AB;XSTO;PNDX B;Real Estate;Real Estate
Paradox Interactive AB;XSTO;PDX;Communication Services;Interactive Media
Paxman AB;XSTO;PAX;Healthcare;Medical Devices & Instruments
Peab AB;XSTO;PEAB B;Industrials;Construction
Pegroco Invest AB;XSTO;PEGRO PREF;Financial Services;Asset Management
Permascand Top Holding AB;XSTO;PSCAND;Basic Materials;Chemicals
Petrotarg AB;XSTO;PETR PREF.PFD;Energy;Oil & Gas
Pfizer Inc;XSTO;PFE;Healthcare;Drug Manufacturers
Pharmacolog i Uppsala AB;XSTO;PHLOG B;Healthcare;Medical Devices & Instruments
Pharmiva AB;XSTO;PHARM;Healthcare;Biotechnology
Photocat A/S;XSTO;PCAT;Basic Materials;Chemicals
Physitrack PLC;XSTO;PTRK;Healthcare;Healthcare Providers & Services
Pierce Group AB;XSTO;PIERCE;Consumer Cyclical;Retail - Cyclical
Pila Pharma AB;XSTO;PILA;Healthcare;Biotechnology
PION Group AB;XSTO;PION B;Industrials;Business Services
Platzer Fastigheter Holding AB;XSTO;PLAZ B;Real Estate;Real Estate
Plexian AB;XSTO;PLEX;Technology;Software
Polygiene AB;XSTO;POLYG;Basic Materials;Chemicals
Polyplank AB;XSTO;POLY;Industrials;Construction
PowerCell Sweden AB;XSTO;PCELL;Industrials;Industrial Products
Precio Fishbone AB;XSTO;PRCO B;Technology;Software
Precise Biometrics AB;XSTO;PREC;Industrials;Business Services
Precomp Solutions AB;XSTO;PCOM B;Industrials;Industrial Products
Premium Snacks Nordic AB;XSTO;SNX;Consumer Defensive;Consumer Packaged Goods
Prevas AB;XSTO;PREV B;Technology;Software
Pricer AB;XSTO;PRIC B;Industrials;Industrial Products
Proact IT Group AB;XSTO;PACT;Technology;Software
Probi AB;XSTO;PROB;Healthcare;Drug Manufacturers
ProfilGruppen AB;XSTO;PROF B;Industrials;Industrial Products
Profoto Holding AB;XSTO;PRFO;Consumer Cyclical;Travel & Leisure
Projektengagemang Sweden AB;XSTO;PENG B;Industrials;Construction
Promimic AB;XSTO;PRO;Healthcare;Medical Devices & Instruments
Promore Pharma AB;XSTO;PROMO;Healthcare;Biotechnology
Prostalund AB;XSTO;PLUN;Healthcare;Healthcare Providers & Services
Prostatype Genomics AB;XSTO;PROGEN;Healthcare;Medical Diagnostics & Research
Purefun Group AB;XSTO;PURE;Consumer Cyclical;Retail - Cyclical
Q-linea AB;XSTO;QLINEA;Healthcare;Medical Devices & Instruments
Qiiwi Games AB;XSTO;QIIWI;Communication Services;Interactive Media
QleanAir AB;XSTO;QAIR;Industrials;Industrial Products
Qlife Holding AB;XSTO;QLIFE;Healthcare;Medical Devices & Instruments
Qliro AB;XSTO;QLIRO;Financial Services;Credit Services
Qlosr Group AB;XSTO;QLOSR B;Technology;Software
Qlucore AB;XSTO;QCORE;Technology;Software
Quartiers Properties AB;XSTO;QUART;Real Estate;Real Estate
QuiaPEG Pharmaceuticals Holding AB;XSTO;QUIA;Healthcare;Biotechnology
Railcare Group AB;XSTO;RAIL;Industrials;Transportation
Raketech Group Holding PLC;XSTO;RAKE;Communication Services;Media - Diversified
Ranplan Group AB;XSTO;RPLAN;Technology;Software
Ratos AB;XSTO;RATO A;Financial Services;Asset Management
RaySearch Laboratories AB;XSTO;RAY B;Healthcare;Healthcare Providers & Services
Re:NewCell AB;XSTO;RENEW;Consumer Cyclical;Manufacturing - Apparel & Accessories
Readly International AB;XSTO;READ;Communication Services;Interactive Media
Realfiction Holding AB;XSTO;REALFI;Technology;Hardware
Reato Group AB;XSTO;REATO;Consumer Cyclical;Travel & Leisure
Recipharm AB;XSTO;RECI B;Healthcare;Biotechnology
Rederiaktiebolaget Gotland;XSTO;GOTL A;Industrials;Transportation
Redwood Pharma AB;XSTO;REDW;Healthcare;Biotechnology
Rejlers AB;XSTO;REJL B;Industrials;Business Services
Resqunit AB;XSTO;RESQ;Industrials;Industrial Products
Resurs Holding AB;XSTO;RESURS;Financial Services;Credit Services
RightBridge Ventures Group AB (publ);XSTO;RIGHTB;Financial Services;Asset Management
Rizzo Group AB;XSTO;RIZZO B;Consumer Cyclical;Retail - Cyclical
RLS Global AB;XSTO;RLS;Healthcare;Drug Manufacturers
Rolling Optics Holding AB;XSTO;RO;Technology;Hardware
Rottneros AB;XSTO;RROS;Basic Materials;Forest Products
RugVista Group AB;XSTO;RUG;Consumer Cyclical;Retail - Cyclical
RVRC Holding AB;XSTO;RVRC;Consumer Cyclical;Retail - Cyclical
S2Medical AB;XSTO;S2M;Healthcare;Medical Devices & Instruments
Saab AB;XSTO;SAAB B;Industrials;Aerospace & Defense
Safello Group AB;XSTO;SFL;Technology;Software
Safeture AB;XSTO;SFTR;Technology;Software
Saltangen Property Invest AB;XSTO;SAPIAB;Real Estate;Real Estate
SaltX Technology Holding AB;XSTO;SALT B;Industrials;Industrial Products
Samhallsbyggnadsbolaget i Norden AB;XSTO;SBB B;Real Estate;Real Estate
Sandvik AB;XSTO;SAND;Industrials;Industrial Products
Saniona AB;XSTO;SANION;Healthcare;Biotechnology
SAS AB;XSTO;SAS;Industrials;Transportation
SaveLend Group AB;XSTO;YIELD;Financial Services;Credit Services
Saxlund Group AB;XSTO;SAXG;Industrials;Industrial Products
Scandbook Holding AB;XSTO;SBOK;Industrials;Business Services
Scandi Standard AB;XSTO;SCST;Consumer Defensive;Consumer Packaged Goods
Scandic Hotels Group AB;XSTO;SHOT;Consumer Cyclical;Travel & Leisure
ScandiDos AB;XSTO;SDOS;Healthcare;Medical Devices & Instruments
Scandinavian Biogas Fuels International AB;XSTO;BIOGAS;Basic Materials;Chemicals
Scandinavian ChemoTech AB;XSTO;CMOTEC B;Healthcare;Biotechnology
Scandinavian Enviro Systems AB;XSTO;SES;Industrials;Waste Management
Scandinavian Real Heart AB;XSTO;HEART;Healthcare;Medical Devices & Instruments
Scandion Oncology A/S;XSTO;SCOL;Healthcare;Biotechnology
SciBase Holding AB;XSTO;SCIB;Healthcare;Medical Devices & Instruments
Scout Gaming Group AB;XSTO;SCOUT;Communication Services;Interactive Media
Sdiptech AB;XSTO;SDIP B;Industrials;Construction
Seadrill Ltd;XSTO;SDRLO;Energy;Oil & Gas
Seafire AB;XSTO;SEAF;Financial Services;Asset Management
Seamless Distribution Systems AB;XSTO;SDS;Technology;Software
SeaTwirl AB;XSTO;STW;Industrials;Industrial Products
SECITS Holding AB;XSTO;SECI;Technology;Software
Sectra AB;XSTO;SECT B;Healthcare;Medical Devices & Instruments
Securitas AB;XSTO;SECU B;Industrials;Business Services
Sedana Medical AB;XSTO;SEDANA;Healthcare;Medical Devices & Instruments
Sensys Gatso Group AB;XSTO;SENS;Technology;Hardware
SenzaGen AB;XSTO;SENZA;Healthcare;Medical Diagnostics & Research
Senzime AB;XSTO;SEZI;Healthcare;Medical Devices & Instruments
Serneke Group AB;XSTO;SRNKE B;Industrials;Construction
Serstech AB;XSTO;SERT;Basic Materials;Chemicals
ShaMaran Petroleum Corp;XSTO;SNM;Energy;Oil & Gas
SignUp Software AB;XSTO;SIGNUP;Technology;Software
Sileon AB;XSTO;SILEON;Technology;Software
Simris Alg AB;XSTO;SIMRIS B;Healthcare;Biotechnology
Sinch AB;XSTO;SINCH;Communication Services;Telecommunication Services
SinterCast AB;XSTO;SINT;Industrials;Industrial Products
Sivers Semiconductors AB;XSTO;SIVE;Technology;Semiconductors
Skandinaviska Enskilda Banken AB;XSTO;SEB A;Financial Services;Banks
Skane-Mollan AB;XSTO;SKMO;Consumer Defensive;Consumer Packaged Goods
Skanska AB;XSTO;SKA B;Industrials;Construction
SKF AB;XSTO;SKF B;Industrials;Industrial Products
SkiStar AB;XSTO;SKIS B;Consumer Cyclical;Travel & Leisure
Skolon AB;XSTO;SKOLON;Consumer Defensive;Education
Sleep Cycle AB;XSTO;SLEEP;Technology;Software
Slitevind AB;XSTO;SLITE;Utilities;Utilities - Regulated
Smart Eye AB;XSTO;SEYE;Technology;Software
Smart Valor AG;XSTO;SMART SDB;Technology;Software
Smart Wires Technology Ltd;XSTO;GOGRID SDB;Industrials;Industrial Products
Soder Sportfiske AB;XSTO;SODER;Consumer Cyclical;Travel & Leisure
Softronic AB;XSTO;SOF B;Technology;Software
Solid Forsakringsaktiebolag;XSTO;SFAB;Financial Services;Insurance
Solnaberg Property AB;XSTO;SOLNA;Real Estate;Real Estate
SolTech Energy Sweden AB;XSTO;SOLT;Technology;Semiconductors
Sonetel AB;XSTO;SONE;Technology;Software
SOZAP AB;XSTO;SOZAP;Communication Services;Interactive Media
Spago Nanomedical AB;XSTO;SPAGO;Healthcare;Biotechnology
SpectraCure AB;XSTO;SPEC;Healthcare;Medical Devices & Instruments
SpectrumOne AB;XSTO;SPEONE;Technology;Software
Speqta AB (publ);XSTO;SPEQT;Communication Services;Interactive Media
Spherio Group AB (publ);XSTO;SFERIO;Consumer Cyclical;Retail - Cyclical
Spiffbet AB;XSTO;SPIFF;Communication Services;Interactive Media
Sprint Bioscience AB;XSTO;SPRINT;Healthcare;Biotechnology
SSAB AB;XSTO;SSAB A;Basic Materials;Steel
SSM Holding AB;XSTO;SSM;Consumer Cyclical;Homebuilding & Construction
Starbreeze AB;XSTO;STAR B;Communication Services;Interactive Media
Stayble Therapeutics AB;XSTO;STABL;Healthcare;Biotechnology
Stendorren Fastigheter AB;XSTO;STEF B;Real Estate;Real Estate
Stenhus Fastigheter i Norden AB;XSTO;SFAST;Real Estate;Real Estate
Stille AB;XSTO;STIL;Healthcare;Medical Devices & Instruments
Stillfront Group AB;XSTO;SF;Communication Services;Interactive Media
Stockwik Forvaltning AB;XSTO;STWK;Financial Services;Asset Management
Storskogen Group AB;XSTO;STOR B;Financial Services;Asset Management
Storytel AB;XSTO;STORY B;Communication Services;Media - Diversified
Strax AB;XSTO;STRAX;Technology;Hardware
Studentbostader i Norden AB;XSTO;STUDBO;Consumer Cyclical;Homebuilding & Construction
Studsvik AB;XSTO;SVIK;Industrials;Waste Management
Surgical Science Sweden AB;XSTO;SUS;Healthcare;Healthcare Providers & Services
Svedbergs i Dalstorp AB;XSTO;SVED B;Industrials;Construction
Svenska Aerogel Holding AB;XSTO;AERO;Basic Materials;Chemicals
Svenska Cellulosa AB;XSTO;SCA A;Basic Materials;Forest Products
Svenska Handelsbanken AB;XSTO;SHB A;Financial Services;Banks
Svenska Nyttobostader AB;XSTO;NYTTO;Real Estate;Real Estate
Svolder AB;XSTO;SVOL A;Financial Services;Asset Management
Sweco AB;XSTO;SWEC A;Industrials;Construction
Swedbank AB;XSTO;SWED A;Financial Services;Banks
Sweden BuyersClub AB;XSTO;BUY;Consumer Cyclical;Retail - Cyclical
Swedencare AB;XSTO;SECARE;Healthcare;Drug Manufacturers
Swedish Logistic Property AB;XSTO;SLP B;Real Estate;Real Estate
Swedish Orphan Biovitrum AB;XSTO;SOBI;Healthcare;Drug Manufacturers
Swedish Stirling AB;XSTO;STRLNG;Industrials;Industrial Products
SynAct Pharma AB;XSTO;SYNACT;Healthcare;Biotechnology
Synsam AB;XSTO;SYNSAM;Healthcare;Medical Devices & Instruments
Systemair AB;XSTO;SYSR;Industrials;Construction
TagMaster AB;XSTO;TAGM B;Technology;Hardware
TalkPool AG;XSTO;TALK;Communication Services;Telecommunication Services
Tangiamo Touch Technology AB;XSTO;TANGI;Consumer Cyclical;Travel & Leisure
tbd30 AB;XSTO;TBD30 A;Industrials;Construction
TC TECH Sweden AB;XSTO;TCT;Industrials;Industrial Products
Tele2 AB;XSTO;TEL2 B;Communication Services;Telecommunication Services
Telefonaktiebolaget L M Ericsson;XSTO;ERIC B;Technology;Hardware
Telia Company AB;XSTO;TELIA;Communication Services;Telecommunication Services
Tellusgruppen AB;XSTO;TELLUS;Consumer Defensive;Education
Tempest Security AB;XSTO;TSEC;Industrials;Business Services
Teqnion AB;XSTO;TEQ;Industrials;Industrial Distribution
Terranet AB;XSTO;TERRNT B;Technology;Software
Tessin Nordic Holding AB;XSTO;TESSIN;Real Estate;Real Estate
Tethys Oil AB;XSTO;TETY;Energy;Oil & Gas
TF Bank AB;XSTO;TFBANK;Financial Services;Banks
TH1NG AB;XSTO;TH1NG;Communication Services;Telecommunication Services
Thule Group AB;XSTO;THULE;Consumer Cyclical;Travel & Leisure
Thunderful Group AB;XSTO;THUNDR;Communication Services;Interactive Media
Titania Holding AB;XSTO;TITA B;Real Estate;Real Estate
Tobii AB;XSTO;TOBII;Technology;Hardware
Tobii Dynavox AB;XSTO;TDVOX;Healthcare;Medical Devices & Instruments
Tobin Properties AB;XSTO;TOBIN PREF.PFD;Real Estate;Real Estate
Toleranzia AB;XSTO;TOL;Healthcare;Drug Manufacturers
Tourn International AB;XSTO;TOURN;Communication Services;Interactive Media
Traction AB;XSTO;TRAC B;Financial Services;Asset Management
TradeDoubler AB;XSTO;TRAD;Communication Services;Media - Diversified
Train Alliance Sweden AB;XSTO;TRAIN B;Industrials;Construction
Transtema Group AB;XSTO;TRANS;Communication Services;Telecommunication Services
Tre Kronor Property Investment AB;XSTO;3KR;Real Estate;Real Estate
Trelleborg AB;XSTO;TREL B;Industrials;Industrial Products
Trention AB;XSTO;TRENT;Financial Services;Credit Services
Triboron International AB;XSTO;TRIBO B;Basic Materials;Chemicals
Troax Group AB;XSTO;TROAX;Industrials;Industrial Products
Truecaller AB;XSTO;TRUE B;Technology;Software
Twiik AB;XSTO;TWIIK;Technology;Software
Unibap AB;XSTO;UNIBAP;Technology;Hardware
Unlimited Travel Group AB;XSTO;UTG;Consumer Cyclical;Travel & Leisure
Upsales Technology AB;XSTO;UPSALE;Technology;Software
Urb-it AB;XSTO;URBIT;Industrials;Transportation
USWE Sports AB;XSTO;USWE;Consumer Cyclical;Travel & Leisure
Var Energi ASA;XSTO;VARO;Energy;Oil & Gas
Vastra Hamnen Corporate Finance AB;XSTO;VH;Financial Services;Asset Management
VBG Group AB;XSTO;VBG B;Consumer Cyclical;Vehicles & Parts
VEF AB;XSTO;VEFAB;Financial Services;Asset Management
VEF Ltd;XSTO;VEFL SDB;Financial Services;Asset Management
Veg of Lund AB;XSTO;VOLAB;Consumer Defensive;Consumer Packaged Goods
Vertiseit AB;XSTO;VERT B;Technology;Software
Vestum AB;XSTO;VESTUM;Industrials;Construction
Viaplay Group AB;XSTO;VPLAY A;Communication Services;Media - Diversified
Vicore Pharma Holding AB;XSTO;VICO;Healthcare;Biotechnology
Victoria Park AB;XSTO;VICP PREF.PFD;Real Estate;Real Estate
Viking Supply Ships AB;XSTO;VSSAB B;Industrials;Transportation
Vimab Group AB;XSTO;VIMAB;Industrials;Business Services
Vimian Group AB;XSTO;VIMIAN;Healthcare;Medical Diagnostics & Research
Vitec Software Group AB;XSTO;VIT B;Technology;Software
Vitrolife AB;XSTO;VITR;Healthcare;Medical Devices & Instruments
Viva Wine Group AB;XSTO;VIVA;Consumer Defensive;Beverages - Alcoholic
Vivesto AB;XSTO;VIVE;Healthcare;Drug Manufacturers
VNV Global AB;XSTO;VNV;Financial Services;Asset Management
Vo2 Cap Holding AB;XSTO;VO2;Financial Services;Asset Management
Volati AB;XSTO;VOLO;Industrials;Conglomerates
Volvo AB;XSTO;VOLV A;Industrials;Farm & Heavy Construction Machinery
Volvo Car AB;XSTO;VOLCAR B;Consumer Cyclical;Vehicles & Parts
W5 Solutions AB;XSTO;W5;Industrials;Aerospace & Defense
Wallenstam AB;XSTO;WALL B;Real Estate;Real Estate
Wastbygg Gruppen AB;XSTO;WBGR B;Industrials;Construction
Waystream Holding AB;XSTO;WAYS;Technology;Hardware
Westpay AB;XSTO;WPAY;Technology;Software
Wihlborgs Fastigheter AB;XSTO;WIHL;Real Estate;Real Estate
Wise Group AB;XSTO;WISE;Industrials;Business Services
Wyld Networks AB;XSTO;WYLD;Technology;Software
XANO Industri AB;XSTO;XANO B;Industrials;Industrial Products
Xbrane Biopharma AB;XSTO;XBRANE;Healthcare;Biotechnology
Xintela AB;XSTO;XINT;Healthcare;Biotechnology
XMReality AB;XSTO;XMR;Technology;Software
XP Chemistries AB;XSTO;XPC;Basic Materials;Chemicals
XSpray Pharma AB;XSTO;XSPRAY;Healthcare;Biotechnology
Xvivo Perfusion AB;XSTO;XVIVO;Healthcare;Medical Devices & Instruments
Zaplox AB;XSTO;ZAPLOX;Technology;Software
ZAZZ Energy of Sweden AB;XSTO;ZAZZ B;Utilities;Utilities - Independent Power Producers
ZetaDisplay AB;XSTO;ZETA PREF.PFD;Communication Services;Media - Diversified
Ziccum AB;XSTO;ZICC;Healthcare;Biotechnology
ZignSec AB;XSTO;ZIGN;Technology;Software
Zinzino Holding AB;XSTO;ZZ B;Consumer Defensive;Consumer Packaged Goods
Zordix AB;XSTO;ZORDIX B;Communication Services;Interactive Media
